Sensors & Software Inc - Pavement Density Profiler,
Line Name,Line1
Date,"18/06/2020, 16:05:56"
Application Version,V1 R3 921
Unit Serial Number,E001-0000-0003
Height (cm),50
Maximum Density (g/cm^3),2.38
A,1.08
B,-0.211
C,0.0063
Collection Mode,Profile
Trigger Mode,Free
Free Run Interval (s),0.10000000000000001
Step Size (m),
Odometer Calibration,
Line Description,test1

































Trace Number,Position (m),Reflection Coefficient,K_r,Bulk Density (g/cm^3),Relative Density (%),Air Void Content (%),Time of Day (seconds after midnight),Status,Flag,Latitude (deg),Longitude (deg),Elevation (m),Easting,Northing,UTM Zone
1,,-0.086226,1.356585,0.463256,19.46,80.54,57958.513986999998,0,0,,,,,,
2,,-0.077621,1.315037,0.444056,18.66,81.34,57958.543915000002,0,0,,,,,,
3,,-0.095721,1.404206,0.485199,20.39,79.61,57958.563387000002,0,0,,,,,,
4,,-0.091609,1.383346,0.475596,19.98,80.02,57958.811365000001,0,0,,,,,,
5,,-0.093445,1.392614,0.479864,20.16,79.84,57958.824270999998,0,0,,,,,,
6,,-0.092095,1.385796,0.476724,20.03,79.97,57959.131784999998,0,0,,,,,,
7,,-0.092594,1.388310,0.477882,20.08,79.92,57959.154702,0,0,,,,,,
8,,-0.093451,1.392645,0.479878,20.16,79.84,57959.170560999999,0,0,,,,,,
9,,-0.092414,1.387400,0.477463,20.06,79.94,57959.435391999999,0,0,,,,,,
10,,-0.093006,1.390392,0.478841,20.12,79.88,57959.532202000002,0,0,,,,,,
11,,-0.091779,1.384205,0.475991,20.00,80.00,57959.548952999998,0,0,,,,,,
12,,-0.092438,1.387525,0.477521,20.06,79.94,57959.736663000003,0,0,,,,,,
13,,-0.091720,1.383907,0.475854,19.99,80.01,57959.749342000003,0,0,,,,,,
14,,-0.091326,1.381927,0.474942,19.96,80.04,57959.772721000001,0,0,,,,,,
15,,-0.092809,1.389397,0.478382,20.10,79.90,57960.049493999999,0,0,,,,,,
16,,-0.092387,1.387264,0.477400,20.06,79.94,57960.074379999998,0,0,,,,,,
17,,-0.091522,1.382912,0.475396,19.97,80.03,57960.087896999998,0,0,,,,,,
18,,-0.094232,1.396612,0.481705,20.24,79.76,57960.250766999998,0,0,,,,,,
19,,-0.092261,1.386631,0.477109,20.05,79.95,57960.264083000002,0,0,,,,,,
20,,-0.093267,1.391714,0.479450,20.14,79.86,57960.289820999998,0,0,,,,,,
21,,-0.093467,1.392726,0.479915,20.16,79.84,57960.610527999997,0,0,,,,,,
22,,-0.092741,1.389055,0.478225,20.09,79.91,57960.623497,0,0,,,,,,
23,,-0.093123,1.390984,0.479113,20.13,79.87,57960.639587999998,0,0,,,,,,
24,,-0.093461,1.392697,0.479902,20.16,79.84,57960.856755000001,0,0,,,,,,
25,,-0.092342,1.387039,0.477296,20.05,79.95,57960.869611000002,0,0,,,,,,
26,,-0.092798,1.389341,0.478357,20.10,79.90,57960.882393,0,0,,,,,,
27,,-0.093487,1.392828,0.479963,20.17,79.83,57961.163480000003,0,0,,,,,,
28,,-0.091882,1.384718,0.476228,20.01,79.99,57961.176328000001,0,0,,,,,,
29,,-0.092265,1.386649,0.477117,20.05,79.95,57961.189146999997,0,0,,,,,,
30,,-0.095272,1.401912,0.484144,20.34,79.66,57961.472011999998,0,0,,,,,,
31,,-0.091681,1.383712,0.475764,19.99,80.01,57961.486172999998,0,0,,,,,,
32,,-0.091823,1.384422,0.476091,20.00,80.00,57961.499132999998,0,0,,,,,,
33,,-0.091834,1.384478,0.476117,20.00,80.00,57961.773277,0,0,,,,,,
34,,-0.093502,1.392902,0.479997,20.17,79.83,57961.786455000001,0,0,,,,,,
35,,-0.091978,1.385202,0.476451,20.02,79.98,57961.800410999997,0,0,,,,,,
36,,-0.093786,1.394344,0.480660,20.20,79.80,57962.075821999999,0,0,,,,,,
37,,-0.092776,1.389228,0.478305,20.10,79.90,57962.088754999997,0,0,,,,,,
38,,-0.091777,1.384195,0.475986,20.00,80.00,57962.101570999999,0,0,,,,,,
39,,-0.089261,1.371597,0.470181,19.76,80.24,57962.378550000001,0,0,,,,,,
40,,-0.092082,1.385729,0.476693,20.03,79.97,57962.391540999997,0,0,,,,,,
41,,-0.092406,1.387364,0.477446,20.06,79.94,57962.404560000003,0,0,,,,,,
42,,-0.092128,1.385958,0.476799,20.03,79.97,57962.704235999998,0,0,,,,,,
43,,-0.091641,1.383508,0.475670,19.99,80.01,57962.716815,0,0,,,,,,
44,,-0.090890,1.379739,0.473933,19.91,80.09,57962.729276999999,0,0,,,,,,
45,,-0.092809,1.389398,0.478383,20.10,79.90,57963.006214000001,0,0,,,,,,
46,,-0.091488,1.382739,0.475316,19.97,80.03,57963.039049999999,0,0,,,,,,
47,,-0.096991,1.410721,0.488196,20.51,79.49,57963.051745999997,0,0,,,,,,
48,,-0.090912,1.379848,0.473984,19.92,80.08,57963.308650999999,0,0,,,,,,
49,,-0.091325,1.381919,0.474938,19.96,80.04,57963.321752999997,0,0,,,,,,
50,,-0.092877,1.389739,0.478540,20.11,79.89,57963.336173999996,0,0,,,,,,
51,,-0.092670,1.388694,0.478059,20.09,79.91,57963.613098000002,0,0,,,,,,
52,,-0.092676,1.388725,0.478073,20.09,79.91,57963.626144000002,0,0,,,,,,
53,,-0.092093,1.385784,0.476718,20.03,79.97,57963.648115999997,0,0,,,,,,
54,,-0.093257,1.391664,0.479426,20.14,79.86,57963.912506000001,0,0,,,,,,
55,,-0.093276,1.391758,0.479470,20.15,79.85,57963.925295000001,0,0,,,,,,
56,,-0.091437,1.382484,0.475199,19.97,80.03,57963.948520999998,0,0,,,,,,
57,,-0.094392,1.397423,0.482078,20.26,79.74,57964.219163000002,0,0,,,,,,
58,,-0.092895,1.389830,0.478582,20.11,79.89,57964.232064999997,0,0,,,,,,
59,,-0.093430,1.392540,0.479830,20.16,79.84,57964.262479999998,0,0,,,,,,
60,,-0.090682,1.378694,0.473452,19.89,80.11,57964.427226,0,0,,,,,,
61,,-0.092769,1.389194,0.478289,20.10,79.90,57964.441843000001,0,0,,,,,,
62,,-0.092024,1.385434,0.476557,20.02,79.98,57964.465361000002,0,0,,,,,,
63,,-0.093607,1.393435,0.480242,20.18,79.82,57964.728788,0,0,,,,,,
64,,-0.090675,1.378661,0.473437,19.89,80.11,57964.741289999998,0,0,,,,,,
65,,-0.093497,1.392878,0.479986,20.17,79.83,57964.755183000001,0,0,,,,,,
66,,-0.092938,1.390049,0.478683,20.11,79.89,57965.032527000003,0,0,,,,,,
67,,-0.092321,1.386931,0.477247,20.05,79.95,57965.045288000001,0,0,,,,,,
68,,-0.091582,1.383214,0.475535,19.98,80.02,57965.058379000002,0,0,,,,,,
69,,-0.092519,1.387932,0.477708,20.07,79.93,57965.335027000001,0,0,,,,,,
70,,-0.094256,1.396734,0.481761,20.24,79.76,57965.347729000001,0,0,,,,,,
71,,-0.092948,1.390097,0.478705,20.11,79.89,57965.360502000003,0,0,,,,,,
72,,-0.094062,1.395747,0.481306,20.22,79.78,57965.641675999999,0,0,,,,,,
73,,-0.092854,1.389626,0.478488,20.10,79.90,57965.654798000003,0,0,,,,,,
74,,-0.092735,1.389021,0.478209,20.09,79.91,57965.667504999998,0,0,,,,,,
75,,-0.090691,1.378741,0.473474,19.89,80.11,57965.940372999998,0,0,,,,,,
76,,-0.091628,1.383443,0.475640,19.98,80.02,57965.953843000003,0,0,,,,,,
77,,-0.092571,1.388196,0.477830,20.08,79.92,57965.968486999998,0,0,,,,,,
78,,-0.092215,1.386397,0.477001,20.04,79.96,57966.242809000003,0,0,,,,,,
79,,-0.093360,1.392183,0.479665,20.15,79.85,57966.255886999999,0,0,,,,,,
80,,-0.092820,1.389454,0.478409,20.10,79.90,57966.268493000003,0,0,,,,,,
81,,-0.091289,1.381741,0.474856,19.95,80.05,57966.59852,0,0,,,,,,
82,,-0.092717,1.388931,0.478168,20.09,79.91,57966.633700999999,0,0,,,,,,
83,,-0.091178,1.381182,0.474599,19.94,80.06,57966.646814,0,0,,,,,,
84,,-0.090176,1.376165,0.472286,19.84,80.16,57966.851701,0,0,,,,,,
85,,-0.092991,1.390317,0.478806,20.12,79.88,57966.864728,0,0,,,,,,
86,,-0.091323,1.381910,0.474934,19.96,80.04,57966.877290999997,0,0,,,,,,
87,,-0.092969,1.390208,0.478756,20.12,79.88,57967.154241999997,0,0,,,,,,
88,,-0.092084,1.385740,0.476698,20.03,79.97,57967.168274000003,0,0,,,,,,
89,,-0.093862,1.394730,0.480838,20.20,79.80,57967.182371000003,0,0,,,,,,
90,,-0.091448,1.382540,0.475224,19.97,80.03,57967.457392999997,0,0,,,,,,
91,,-0.091707,1.383840,0.475823,19.99,80.01,57967.470219000003,0,0,,,,,,
92,,-0.091343,1.382011,0.474981,19.96,80.04,57967.482657,0,0,,,,,,
93,,-0.091920,1.384910,0.476316,20.01,79.99,57967.759144000003,0,0,,,,,,
94,,-0.091333,1.381959,0.474956,19.96,80.04,57967.771910000003,0,0,,,,,,
95,,-0.089963,1.375098,0.471795,19.82,80.18,57967.784635000004,0,0,,,,,,
96,,-0.094226,1.396579,0.481689,20.24,79.76,57968.056377000001,0,0,,,,,,
97,,-0.092611,1.388396,0.477921,20.08,79.92,57968.063131000003,0,0,,,,,,
98,,-0.094491,1.397930,0.482311,20.27,79.73,57968.069753000003,0,0,,,,,,
99,,-0.092199,1.386319,0.476965,20.04,79.96,57968.379228999998,0,0,,,,,,
100,,-0.095412,1.402628,0.484473,20.36,79.64,57968.392236,0,0,,,,,,
101,,-0.092260,1.386627,0.477107,20.05,79.95,57968.405188999997,0,0,,,,,,
102,,-0.093621,1.393509,0.480276,20.18,79.82,57968.682230999999,0,0,,,,,,
103,,-0.091035,1.380467,0.474269,19.93,80.07,57968.695479000002,0,0,,,,,,
104,,-0.091805,1.384332,0.476050,20.00,80.00,57968.708734,0,0,,,,,,
105,,-0.091993,1.385281,0.476487,20.02,79.98,57968.984579000004,0,0,,,,,,
106,,-0.093141,1.391074,0.479155,20.13,79.87,57968.997544999998,0,0,,,,,,
107,,-0.092959,1.390154,0.478731,20.11,79.89,57969.010093999997,0,0,,,,,,
108,,-0.093185,1.391298,0.479258,20.14,79.86,57969.287280999997,0,0,,,,,,
109,,-0.091207,1.381327,0.474665,19.94,80.06,57969.302095999999,0,0,,,,,,
110,,-0.092933,1.390022,0.478670,20.11,79.89,57969.315108000003,0,0,,,,,,
111,,-0.094927,1.400151,0.483333,20.31,79.69,57969.6302,0,0,,,,,,
112,,-0.093676,1.393785,0.480403,20.18,79.82,57969.64316,0,0,,,,,,
113,,-0.092836,1.389535,0.478446,20.10,79.90,57969.656137999998,0,0,,,,,,
114,,-0.094057,1.395719,0.481294,20.22,79.78,57969.791571000002,0,0,,,,,,
115,,-0.091668,1.383646,0.475734,19.99,80.01,57969.818644999999,0,0,,,,,,
116,,-0.092729,1.388993,0.478196,20.09,79.91,57969.831559999999,0,0,,,,,,
117,,-0.092087,1.385752,0.476704,20.03,79.97,57970.092819999998,0,0,,,,,,
118,,-0.092036,1.385497,0.476586,20.02,79.98,57970.106132000001,0,0,,,,,,
119,,-0.091954,1.385086,0.476397,20.02,79.98,57970.132920999997,0,0,,,,,,
120,,-0.091991,1.385269,0.476481,20.02,79.98,57970.395400000001,0,0,,,,,,
121,,-0.094481,1.397877,0.482287,20.26,79.74,57970.407976000002,0,0,,,,,,
122,,-0.094485,1.397896,0.482296,20.26,79.74,57970.430139999997,0,0,,,,,,
123,,-0.093505,1.392919,0.480004,20.17,79.83,57970.697889000003,0,0,,,,,,
124,,-0.093230,1.391529,0.479364,20.14,79.86,57970.710503000002,0,0,,,,,,
125,,-0.092333,1.386993,0.477276,20.05,79.95,57970.723458,0,0,,,,,,
126,,-0.093232,1.391535,0.479367,20.14,79.86,57971.003852000002,0,0,,,,,,
127,,-0.093051,1.390622,0.478947,20.12,79.88,57971.016708000003,0,0,,,,,,
128,,-0.092636,1.388523,0.477980,20.08,79.92,57971.029861000003,0,0,,,,,,
129,,-0.094988,1.400458,0.483475,20.31,79.69,57971.304061000003,0,0,,,,,,
130,,-0.093767,1.394248,0.480616,20.19,79.81,57971.316978000003,0,0,,,,,,
131,,-0.090708,1.378824,0.473512,19.90,80.10,57971.335587000001,0,0,,,,,,
132,,-0.094940,1.400214,0.483362,20.31,79.69,57971.606958999997,0,0,,,,,,
133,,-0.092938,1.390047,0.478682,20.11,79.89,57971.619963999998,0,0,,,,,,
134,,-0.091128,1.380931,0.474483,19.94,80.06,57971.632705000004,0,0,,,,,,
135,,-0.092523,1.387955,0.477718,20.07,79.93,57971.908860000003,0,0,,,,,,
136,,-0.092641,1.388547,0.477991,20.08,79.92,57971.921584000003,0,0,,,,,,
137,,-0.093893,1.394888,0.480911,20.21,79.79,57971.934327000003,0,0,,,,,,
138,,-0.093145,1.391099,0.479166,20.13,79.87,57972.218023000001,0,0,,,,,,
139,,-0.093215,1.391449,0.479327,20.14,79.86,57972.230918000001,0,0,,,,,,
140,,-0.092126,1.385952,0.476796,20.03,79.97,57972.515960999997,0,0,,,,,,
141,,-0.092466,1.387666,0.477585,20.07,79.93,57972.529954999998,0,0,,,,,,
142,,-0.092021,1.385422,0.476552,20.02,79.98,57972.612839000001,0,0,,,,,,
143,,-0.093074,1.390737,0.479000,20.13,79.87,57972.818756000001,0,0,,,,,,
144,,-0.092835,1.389530,0.478444,20.10,79.90,57972.831466000003,0,0,,,,,,
145,,-0.093340,1.392086,0.479621,20.15,79.85,57972.844069999999,0,0,,,,,,
146,,-0.094603,1.398500,0.482573,20.28,79.72,57973.112792,0,0,,,,,,
147,,-0.095431,1.402721,0.484516,20.36,79.64,57973.119635000003,0,0,,,,,,
148,,-0.093205,1.391398,0.479304,20.14,79.86,57973.126192000003,0,0,,,,,,
149,,-0.094185,1.396370,0.481593,20.24,79.76,57973.423667000003,0,0,,,,,,
150,,-0.094353,1.397228,0.481988,20.25,79.75,57973.436425,0,0,,,,,,
151,,-0.092982,1.390274,0.478786,20.12,79.88,57973.448906999998,0,0,,,,,,
152,,-0.092852,1.389614,0.478483,20.10,79.90,57973.730210000002,0,0,,,,,,
153,,-0.091971,1.385171,0.476436,20.02,79.98,57973.743196000003,0,0,,,,,,
154,,-0.093543,1.393111,0.480093,20.17,79.83,57973.756071999996,0,0,,,,,,
155,,-0.093134,1.391041,0.479140,20.13,79.87,57974.032100999997,0,0,,,,,,
156,,-0.092857,1.389640,0.478494,20.10,79.90,57974.045185000003,0,0,,,,,,
157,,-0.092811,1.389408,0.478388,20.10,79.90,57974.061802999997,0,0,,,,,,
158,,-0.093504,1.392914,0.480002,20.17,79.83,57974.336461999999,0,0,,,,,,
159,,-0.091506,1.382831,0.475358,19.97,80.03,57974.349093999997,0,0,,,,,,
160,,-0.094162,1.396256,0.481540,20.23,79.77,57974.361835000003,0,0,,,,,,
161,,-0.095131,1.401191,0.483812,20.33,79.67,57974.640359999998,0,0,,,,,,
162,,-0.094683,1.398908,0.482761,20.28,79.72,57974.652983,0,0,,,,,,
163,,-0.092052,1.385576,0.476623,20.03,79.97,57974.665856,0,0,,,,,,
164,,-0.094552,1.398236,0.482452,20.27,79.73,57974.947741999997,0,0,,,,,,
165,,-0.092588,1.388279,0.477868,20.08,79.92,57974.960658999997,0,0,,,,,,
166,,-0.093455,1.392666,0.479888,20.16,79.84,57974.973139000002,0,0,,,,,,
167,,-0.092732,1.389008,0.478203,20.09,79.91,57975.163787999998,0,0,,,,,,
168,,-0.090625,1.378410,0.473321,19.89,80.11,57975.176808999997,0,0,,,,,,
169,,-0.092908,1.389896,0.478613,20.11,79.89,57975.189566000001,0,0,,,,,,
170,,-0.091284,1.381713,0.474843,19.95,80.05,57975.465795999997,0,0,,,,,,
171,,-0.095302,1.402063,0.484213,20.35,79.65,57975.478981,0,0,,,,,,
172,,-0.091952,1.385071,0.476390,20.02,79.98,57975.493711000003,0,0,,,,,,
173,,-0.092976,1.390239,0.478770,20.12,79.88,57975.773555,0,0,,,,,,
174,,-0.093057,1.390652,0.478961,20.12,79.88,57975.786405999999,0,0,,,,,,
175,,-0.093527,1.393031,0.480056,20.17,79.83,57975.799112000001,0,0,,,,,,
176,,-0.091516,1.382879,0.475380,19.97,80.03,57976.072548999997,0,0,,,,,,
177,,-0.091148,1.381029,0.474528,19.94,80.06,57976.085411,0,0,,,,,,
178,,-0.092567,1.388176,0.477820,20.08,79.92,57976.098084999998,0,0,,,,,,
179,,-0.093979,1.395322,0.481111,20.21,79.79,57976.37573,0,0,,,,,,
180,,-0.094601,1.398488,0.482568,20.28,79.72,57976.388826000002,0,0,,,,,,
181,,-0.093012,1.390425,0.478856,20.12,79.88,57976.401659000003,0,0,,,,,,
182,,-0.091046,1.380522,0.474294,19.93,80.07,57976.686404,0,0,,,,,,
183,,-0.092205,1.386346,0.476978,20.04,79.96,57976.701277,0,0,,,,,,
184,,-0.094195,1.396425,0.481618,20.24,79.76,57976.714293999998,0,0,,,,,,
185,,-0.092986,1.390294,0.478796,20.12,79.88,57976.989715000003,0,0,,,,,,
186,,-0.094394,1.397435,0.482083,20.26,79.74,57977.002519000001,0,0,,,,,,
187,,-0.092162,1.386129,0.476878,20.04,79.96,57977.015203000003,0,0,,,,,,
188,,-0.093791,1.394373,0.480674,20.20,79.80,57977.292307000003,0,0,,,,,,
189,,-0.094065,1.395762,0.481313,20.22,79.78,57977.307033999998,0,0,,,,,,
190,,-0.093869,1.394767,0.480855,20.20,79.80,57977.319733999997,0,0,,,,,,
191,,-0.095321,1.402162,0.484259,20.35,79.65,57977.601998999999,0,0,,,,,,
192,,-0.093407,1.392424,0.479776,20.16,79.84,57977.615264,0,0,,,,,,
193,,-0.094262,1.396762,0.481773,20.24,79.76,57977.627764999997,0,0,,,,,,
194,,-0.093441,1.392594,0.479855,20.16,79.84,57977.899273000003,0,0,,,,,,
195,,-0.092237,1.386510,0.477053,20.04,79.96,57977.927166000001,0,0,,,,,,
196,,-0.092558,1.388131,0.477799,20.08,79.92,57977.939911000001,0,0,,,,,,
197,,-0.094108,1.395982,0.481414,20.23,79.77,57978.200787000002,0,0,,,,,,
198,,-0.093250,1.391627,0.479410,20.14,79.86,57978.213776999997,0,0,,,,,,
199,,-0.091981,1.385220,0.476459,20.02,79.98,57978.232322000003,0,0,,,,,,
200,,-0.092911,1.389915,0.478621,20.11,79.89,57978.502526999997,0,0,,,,,,
201,,-0.091448,1.382540,0.475224,19.97,80.03,57978.515191999999,0,0,,,,,,
202,,-0.092530,1.387986,0.477733,20.07,79.93,57978.541340999996,0,0,,,,,,
203,,-0.091835,1.384486,0.476121,20.01,79.99,57978.805856999999,0,0,,,,,,
204,,-0.095635,1.403766,0.484996,20.38,79.62,57978.818600999999,0,0,,,,,,
205,,-0.093656,1.393686,0.480358,20.18,79.82,57978.831403999997,0,0,,,,,,
206,,-0.092073,1.385683,0.476672,20.03,79.97,57979.111879999997,0,0,,,,,,
207,,-0.093062,1.390677,0.478972,20.12,79.88,57979.126105000003,0,0,,,,,,
208,,-0.091321,1.381901,0.474930,19.96,80.04,57979.139148000002,0,0,,,,,,
209,,-0.096236,1.406846,0.486413,20.44,79.56,57979.412344999997,0,0,,,,,,
210,,-0.093990,1.395382,0.481138,20.22,79.78,57979.425092999998,0,0,,,,,,
211,,-0.091284,1.381712,0.474843,19.95,80.05,57979.438696999998,0,0,,,,,,
212,,-0.093966,1.395259,0.481082,20.21,79.79,57979.714322,0,0,,,,,,
213,,-0.092530,1.387987,0.477733,20.07,79.93,57979.727146999998,0,0,,,,,,
214,,-0.092117,1.385907,0.476775,20.03,79.97,57979.739717999997,0,0,,,,,,
215,,-0.092827,1.389487,0.478424,20.10,79.90,57980.015803000002,0,0,,,,,,
216,,-0.091908,1.384853,0.476290,20.01,79.99,57980.028532999997,0,0,,,,,,
217,,-0.094276,1.396835,0.481807,20.24,79.76,57980.041039999996,0,0,,,,,,
218,,-0.092486,1.387765,0.477631,20.07,79.93,57980.325254000003,0,0,,,,,,
219,,-0.093730,1.394062,0.480531,20.19,79.81,57980.338041000003,0,0,,,,,,
220,,-0.092934,1.390027,0.478673,20.11,79.89,57980.351263999997,0,0,,,,,,
221,,-0.092631,1.388500,0.477969,20.08,79.92,57980.527156999997,0,0,,,,,,
222,,-0.092043,1.385534,0.476603,20.03,79.97,57980.541811000003,0,0,,,,,,
223,,-0.092648,1.388584,0.478008,20.08,79.92,57980.555740999996,0,0,,,,,,
224,,-0.090652,1.378543,0.473383,19.89,80.11,57980.829595000003,0,0,,,,,,
225,,-0.098144,1.416665,0.490929,20.63,79.37,57980.842335000001,0,0,,,,,,
226,,-0.090329,1.376930,0.472639,19.86,80.14,57980.855392999998,0,0,,,,,,
227,,-0.094630,1.398638,0.482637,20.28,79.72,57981.132282999999,0,0,,,,,,
228,,-0.095685,1.404022,0.485115,20.38,79.62,57981.145189000003,0,0,,,,,,
229,,-0.096281,1.407074,0.486518,20.44,79.56,57981.158060000002,0,0,,,,,,
230,,-0.093944,1.395146,0.481030,20.21,79.79,57981.446637000001,0,0,,,,,,
231,,-0.095940,1.405327,0.485715,20.41,79.59,57981.459489000001,0,0,,,,,,
232,,-0.096215,1.406734,0.486362,20.44,79.56,57981.472424,0,0,,,,,,
233,,-0.095250,1.401798,0.484091,20.34,79.66,57981.748900999999,0,0,,,,,,
234,,-0.094524,1.398097,0.482388,20.27,79.73,57981.761915000003,0,0,,,,,,
235,,-0.103114,1.442631,0.502855,21.13,78.87,57981.775043000001,0,0,,,,,,
236,,-0.103181,1.442984,0.503017,21.14,78.86,57982.062298999997,0,0,,,,,,
237,,-0.102798,1.440964,0.502090,21.10,78.90,57982.078274,0,0,,,,,,
238,,-0.104135,1.448035,0.505335,21.23,78.77,57982.091031000004,0,0,,,,,,
239,,-0.104004,1.447341,0.505017,21.22,78.78,57982.364778000003,0,0,,,,,,
240,,-0.104568,1.450332,0.506388,21.28,78.72,57982.377757000002,0,0,,,,,,
241,,-0.101817,1.435806,0.499722,21.00,79.00,57982.390471999999,0,0,,,,,,
242,,-0.102900,1.441505,0.502338,21.11,78.89,57982.666373,0,0,,,,,,
243,,-0.100265,1.427680,0.495990,20.84,79.16,57982.681184000001,0,0,,,,,,
244,,-0.100470,1.428752,0.496483,20.86,79.14,57982.693992,0,0,,,,,,
245,,-0.098503,1.418524,0.491783,20.66,79.34,57982.974549999999,0,0,,,,,,
246,,-0.101972,1.436617,0.500095,21.01,78.99,57982.989798000002,0,0,,,,,,
247,,-0.099576,1.424091,0.494342,20.77,79.23,57983.002235,0,0,,,,,,
248,,-0.099784,1.425173,0.494839,20.79,79.21,57983.261266000001,0,0,,,,,,
249,,-0.101265,1.432906,0.498391,20.94,79.06,57983.274941999996,0,0,,,,,,
250,,-0.102875,1.441370,0.502277,21.10,78.90,57983.294687000001,0,0,,,,,,
251,,-0.098481,1.418411,0.491731,20.66,79.34,57983.564125999997,0,0,,,,,,
252,,-0.094773,1.399365,0.482971,20.29,79.71,57983.577611000001,0,0,,,,,,
253,,-0.093130,1.391019,0.479129,20.13,79.87,57983.614358999999,0,0,,,,,,
254,,-0.089861,1.374590,0.471561,19.81,80.19,57983.866584000003,0,0,,,,,,
255,,-0.092674,1.388713,0.478068,20.09,79.91,57983.879927000002,0,0,,,,,,
256,,-0.090038,1.375471,0.471967,19.83,80.17,57983.903491999998,0,0,,,,,,
257,,-0.093507,1.392931,0.480010,20.17,79.83,57984.176058999998,0,0,,,,,,
258,,-0.096477,1.408081,0.486981,20.46,79.54,57984.189208999996,0,0,,,,,,
259,,-0.094504,1.397995,0.482341,20.27,79.73,57984.212936999997,0,0,,,,,,
260,,-0.097631,1.414016,0.489711,20.58,79.42,57984.480587999999,0,0,,,,,,
261,,-0.106025,1.458099,0.509950,21.43,78.57,57984.494899999998,0,0,,,,,,
262,,-0.090719,1.378882,0.473539,19.90,80.10,57984.521187999999,0,0,,,,,,
263,,-0.113953,1.501204,0.529684,22.26,77.74,57984.782714000001,0,0,,,,,,
264,,-0.118706,1.527751,0.541810,22.77,77.23,57984.795880999998,0,0,,,,,,
265,,-0.110879,1.484316,0.521959,21.93,78.07,57984.808822999999,0,0,,,,,,
266,,-0.097718,1.414467,0.489918,20.58,79.42,57984.985449,0,0,,,,,,
267,,-0.095362,1.402370,0.484354,20.35,79.65,57984.998572999997,0,0,,,,,,
268,,-0.093062,1.390676,0.478972,20.12,79.88,57985.012298000001,0,0,,,,,,
269,,-0.111484,1.487622,0.523472,21.99,78.01,57985.289962000003,0,0,,,,,,
270,,-0.118565,1.526956,0.541447,22.75,77.25,57985.303137000003,0,0,,,,,,
271,,-0.125820,1.568523,0.560392,23.55,76.45,57985.317002000003,0,0,,,,,,
272,,-0.122980,1.552096,0.552911,23.23,76.77,57985.603591999999,0,0,,,,,,
273,,-0.124097,1.558534,0.555844,23.35,76.65,57985.618452000002,0,0,,,,,,
274,,-0.121414,1.543123,0.548821,23.06,76.94,57985.642147999999,0,0,,,,,,
275,,-0.107455,1.465764,0.513463,21.57,78.43,57985.900655999998,0,0,,,,,,
276,,-0.091244,1.381511,0.474750,19.95,80.05,57985.913826000004,0,0,,,,,,
277,,-0.089123,1.370910,0.469864,19.74,80.26,57985.932665,0,0,,,,,,
278,,-0.094465,1.397797,0.482250,20.26,79.74,57986.202722000002,0,0,,,,,,
279,,-0.090972,1.380146,0.474121,19.92,80.08,57986.216033999997,0,0,,,,,,
280,,-0.095197,1.401525,0.483966,20.33,79.67,57986.229254999998,0,0,,,,,,
281,,-0.095338,1.402247,0.484298,20.35,79.65,57986.505603999998,0,0,,,,,,
282,,-0.093777,1.394299,0.480640,20.19,79.81,57986.519058999998,0,0,,,,,,
283,,-0.093903,1.394941,0.480935,20.21,79.79,57986.532418000003,0,0,,,,,,
284,,-0.092578,1.388230,0.477845,20.08,79.92,57986.813087000002,0,0,,,,,,
285,,-0.092257,1.386612,0.477100,20.05,79.95,57986.826630000003,0,0,,,,,,
286,,-0.090924,1.379907,0.474011,19.92,80.08,57986.839968,0,0,,,,,,
287,,-0.090331,1.376939,0.472643,19.86,80.14,57987.116595,0,0,,,,,,
288,,-0.089089,1.370744,0.469787,19.74,80.26,57987.130624999998,0,0,,,,,,
289,,-0.090048,1.375525,0.471992,19.83,80.17,57987.419078999999,0,0,,,,,,
290,,-0.091433,1.382461,0.475188,19.97,80.03,57987.432233,0,0,,,,,,
291,,-0.090232,1.376445,0.472416,19.85,80.15,57987.445674000002,0,0,,,,,,
292,,-0.089617,1.373374,0.471000,19.79,80.21,57987.721372,0,0,,,,,,
293,,-0.090010,1.375335,0.471904,19.83,80.17,57987.736718,0,0,,,,,,
294,,-0.090296,1.376762,0.472561,19.86,80.14,57987.750395000003,0,0,,,,,,
295,,-0.090045,1.375506,0.471983,19.83,80.17,57988.051874999997,0,0,,,,,,
296,,-0.090493,1.377747,0.473016,19.87,80.13,57988.065666000002,0,0,,,,,,
297,,-0.089758,1.374075,0.471323,19.80,80.20,57988.078793000001,0,0,,,,,,
298,,-0.091228,1.381433,0.474714,19.95,80.05,57988.350491999998,0,0,,,,,,
299,,-0.091524,1.382918,0.475398,19.97,80.03,57988.3629,0,0,,,,,,
300,,-0.090652,1.378542,0.473382,19.89,80.11,57988.376531000002,0,0,,,,,,
301,,-0.088953,1.370064,0.469474,19.73,80.27,57988.660296000002,0,0,,,,,,
302,,-0.089874,1.374655,0.471590,19.81,80.19,57988.675210000001,0,0,,,,,,
303,,-0.092199,1.386317,0.476964,20.04,79.96,57988.688703,0,0,,,,,,
304,,-0.088227,1.366460,0.467812,19.66,80.34,57988.961984000001,0,0,,,,,,
305,,-0.090255,1.376560,0.472469,19.85,80.15,57988.974700999999,0,0,,,,,,
306,,-0.089613,1.373350,0.470989,19.79,80.21,57988.988340000004,0,0,,,,,,
307,,-0.092022,1.385425,0.476553,20.02,79.98,57989.256353999997,0,0,,,,,,
308,,-0.090762,1.379095,0.473637,19.90,80.10,57989.279655999999,0,0,,,,,,
309,,-0.089936,1.374963,0.471732,19.82,80.18,57989.293110999999,0,0,,,,,,
310,,-0.091336,1.381976,0.474964,19.96,80.04,57989.457856000001,0,0,,,,,,
311,,-0.090798,1.379276,0.473720,19.90,80.10,57989.484005999999,0,0,,,,,,
312,,-0.090062,1.375591,0.472022,19.83,80.17,57989.496943999999,0,0,,,,,,
313,,-0.089047,1.370535,0.469691,19.73,80.27,57989.768647999997,0,0,,,,,,
314,,-0.088202,1.366337,0.467755,19.65,80.35,57989.794440999998,0,0,,,,,,
315,,-0.090473,1.377649,0.472970,19.87,80.13,57989.807164999998,0,0,,,,,,
316,,-0.088582,1.368221,0.468624,19.69,80.31,57990.069453999997,0,0,,,,,,
317,,-0.089670,1.373636,0.471121,19.79,80.21,57990.087642999999,0,0,,,,,,
318,,-0.088677,1.368696,0.468843,19.70,80.30,57990.111766000002,0,0,,,,,,
319,,-0.090370,1.377131,0.472732,19.86,80.14,57990.371446999998,0,0,,,,,,
320,,-0.084901,1.350087,0.460257,19.34,80.66,57990.384814999998,0,0,,,,,,
321,,-0.085805,1.354514,0.462300,19.42,80.58,57990.410380000001,0,0,,,,,,
322,,-0.092009,1.385363,0.476525,20.02,79.98,57990.674086999999,0,0,,,,,,
323,,-0.092312,1.386890,0.477228,20.05,79.95,57990.687896000003,0,0,,,,,,
324,,-0.090095,1.375760,0.472100,19.84,80.16,57990.711411999997,0,0,,,,,,
325,,-0.090081,1.375686,0.472066,19.83,80.17,57990.983452,0,0,,,,,,
326,,-0.087147,1.361122,0.465349,19.55,80.45,57990.997355,0,0,,,,,,
327,,-0.087500,1.362862,0.466152,19.59,80.41,57991.019890000003,0,0,,,,,,
328,,-0.089241,1.371498,0.470135,19.75,80.25,57991.285778999998,0,0,,,,,,
329,,-0.087954,1.365109,0.467189,19.63,80.37,57991.300547999999,0,0,,,,,,
330,,-0.088646,1.368540,0.468771,19.70,80.30,57991.340193000004,0,0,,,,,,
331,,-0.086772,1.359269,0.464495,19.52,80.48,57991.588512000002,0,0,,,,,,
332,,-0.083803,1.344731,0.457783,19.23,80.77,57991.602556999998,0,0,,,,,,
333,,-0.084651,1.348864,0.459692,19.31,80.69,57991.616361,0,0,,,,,,
334,,-0.085123,1.351171,0.460757,19.36,80.64,57991.891321000003,0,0,,,,,,
335,,-0.086460,1.357734,0.463786,19.49,80.51,57991.905480000001,0,0,,,,,,
336,,-0.095264,1.401869,0.484124,20.34,79.66,57991.918185000002,0,0,,,,,,
337,,-0.101918,1.436333,0.499964,21.01,78.99,57992.201136999996,0,0,,,,,,
338,,-0.111157,1.485833,0.522653,21.96,78.04,57992.214591000004,0,0,,,,,,
339,,-0.114041,1.501689,0.529906,22.26,77.74,57992.227314999996,0,0,,,,,,
340,,-0.125274,1.565347,0.558946,23.49,76.51,57992.510103000001,0,0,,,,,,
341,,-0.129495,1.590081,0.570197,23.96,76.04,57992.530162000003,0,0,,,,,,
342,,-0.125908,1.569038,0.560626,23.56,76.44,57992.563649000003,0,0,,,,,,
343,,-0.118819,1.528390,0.542101,22.78,77.22,57992.811418999998,0,0,,,,,,
344,,-0.117908,1.523258,0.539759,22.68,77.32,57992.824221000003,0,0,,,,,,
345,,-0.126716,1.573744,0.562768,23.65,76.35,57992.837604,0,0,,,,,,
346,,-0.129645,1.590965,0.570599,23.97,76.03,57993.114828999998,0,0,,,,,,
347,,-0.130917,1.598514,0.574028,24.12,75.88,57993.127665,0,0,,,,,,
348,,-0.131848,1.604061,0.576547,24.22,75.78,57993.140250999997,0,0,,,,,,
349,,-0.133613,1.614647,0.581353,24.43,75.57,57993.416681000002,0,0,,,,,,
350,,-0.133666,1.614962,0.581496,24.43,75.57,57993.429388999997,0,0,,,,,,
351,,-0.132787,1.609685,0.579101,24.33,75.67,57993.441913000002,0,0,,,,,,
352,,-0.136827,1.634125,0.590186,24.80,75.20,57993.731842000001,0,0,,,,,,
353,,-0.133538,1.614194,0.581147,24.42,75.58,57993.744831000004,0,0,,,,,,
354,,-0.134236,1.618400,0.583056,24.50,75.50,57993.758850999999,0,0,,,,,,
355,,-0.134007,1.617019,0.582429,24.47,75.53,57993.944876000001,0,0,,,,,,
356,,-0.134126,1.617739,0.582756,24.49,75.51,57993.958476,0,0,,,,,,
357,,-0.135382,1.625334,0.586200,24.63,75.37,57993.972888999997,0,0,,,,,,
358,,-0.134020,1.617099,0.582465,24.47,75.53,57994.242357000003,0,0,,,,,,
359,,-0.132011,1.605039,0.576992,24.24,75.76,57994.256449,0,0,,,,,,
360,,-0.132781,1.609650,0.579085,24.33,75.67,57994.270257999997,0,0,,,,,,
361,,-0.133921,1.616503,0.582195,24.46,75.54,57994.544759999997,0,0,,,,,,
362,,-0.134685,1.621111,0.584285,24.55,75.45,57994.560185000002,0,0,,,,,,
363,,-0.131303,1.600813,0.575073,24.16,75.84,57994.572665,0,0,,,,,,
364,,-0.134431,1.619576,0.583589,24.52,75.48,57994.847253,0,0,,,,,,
365,,-0.131256,1.600529,0.574943,24.16,75.84,57994.861433999999,0,0,,,,,,
366,,-0.132643,1.608818,0.578707,24.32,75.68,57994.874301000003,0,0,,,,,,
367,,-0.133938,1.616603,0.582240,24.46,75.54,57995.160006999999,0,0,,,,,,
368,,-0.134853,1.622127,0.584746,24.57,75.43,57995.173610999998,0,0,,,,,,
369,,-0.134053,1.617297,0.582555,24.48,75.52,57995.186367000002,0,0,,,,,,
370,,-0.133014,1.611042,0.579717,24.36,75.64,57995.460878999998,0,0,,,,,,
371,,-0.132925,1.610511,0.579476,24.35,75.65,57995.475459000001,0,0,,,,,,
372,,-0.131525,1.602133,0.575672,24.19,75.81,57995.490118000002,0,0,,,,,,
373,,-0.134924,1.622558,0.584942,24.58,75.42,57995.762906999997,0,0,,,,,,
374,,-0.130689,1.597155,0.573411,24.09,75.91,57995.776968999999,0,0,,,,,,
375,,-0.132456,1.607699,0.578199,24.29,75.71,57995.789813000003,0,0,,,,,,
376,,-0.133363,1.613140,0.580669,24.40,75.60,57996.065577000001,0,0,,,,,,
377,,-0.131784,1.603680,0.576375,24.22,75.78,57996.079244,0,0,,,,,,
378,,-0.131277,1.600659,0.575003,24.16,75.84,57996.092699000001,0,0,,,,,,
379,,-0.133802,1.615786,0.581869,24.45,75.55,57996.373534999999,0,0,,,,,,
380,,-0.132137,1.605788,0.577332,24.26,75.74,57996.386976000002,0,0,,,,,,
381,,-0.132026,1.605127,0.577032,24.25,75.75,57996.399707999997,0,0,,,,,,
382,,-0.133866,1.616166,0.582042,24.46,75.54,57996.684893999998,0,0,,,,,,
383,,-0.133648,1.614855,0.581447,24.43,75.57,57996.698731999997,0,0,,,,,,
384,,-0.135442,1.625701,0.586367,24.64,75.36,57996.711308999998,0,0,,,,,,
385,,-0.129488,1.590035,0.570176,23.96,76.04,57996.986644999997,0,0,,,,,,
386,,-0.135588,1.626582,0.586766,24.65,75.35,57996.999579000003,0,0,,,,,,
387,,-0.133408,1.613414,0.580793,24.40,75.60,57997.013484000003,0,0,,,,,,
388,,-0.136734,1.633557,0.589928,24.79,75.21,57997.288602000001,0,0,,,,,,
389,,-0.133847,1.616057,0.581993,24.45,75.55,57997.301884,0,0,,,,,,
390,,-0.136573,1.632578,0.589484,24.77,75.23,57997.314531000004,0,0,,,,,,
391,,-0.130665,1.597017,0.573348,24.09,75.91,57997.592683000003,0,0,,,,,,
392,,-0.132134,1.605773,0.577325,24.26,75.74,57997.605975999999,0,0,,,,,,
393,,-0.130711,1.597289,0.573472,24.10,75.90,57997.618972999997,0,0,,,,,,
394,,-0.130979,1.598881,0.574195,24.13,75.87,57997.908418999999,0,0,,,,,,
395,,-0.130305,1.594879,0.572377,24.05,75.95,57997.921269999999,0,0,,,,,,
396,,-0.134270,1.618607,0.583150,24.50,75.50,57997.934562000002,0,0,,,,,,
397,,-0.133042,1.611211,0.579794,24.36,75.64,57998.124391999998,0,0,,,,,,
398,,-0.132319,1.606880,0.577827,24.28,75.72,57998.136963999998,0,0,,,,,,
399,,-0.132071,1.605398,0.577155,24.25,75.75,57998.153078000003,0,0,,,,,,
400,,-0.133377,1.613225,0.580707,24.40,75.60,57998.420876999997,0,0,,,,,,
401,,-0.134348,1.619079,0.583364,24.51,75.49,57998.433842999999,0,0,,,,,,
402,,-0.134483,1.619891,0.583732,24.53,75.47,57998.447637999998,0,0,,,,,,
403,,-0.135678,1.627133,0.587016,24.66,75.34,57998.727298999998,0,0,,,,,,
404,,-0.130793,1.597774,0.573692,24.10,75.90,57998.739843000003,0,0,,,,,,
405,,-0.133110,1.611623,0.579980,24.37,75.63,57998.752197000002,0,0,,,,,,
406,,-0.132161,1.605935,0.577398,24.26,75.74,57999.033551,0,0,,,,,,
407,,-0.133190,1.612102,0.580198,24.38,75.62,57999.046079,0,0,,,,,,
408,,-0.131843,1.604035,0.576536,24.22,75.78,57999.058990999998,0,0,,,,,,
409,,-0.136057,1.629436,0.588060,24.71,75.29,57999.352711,0,0,,,,,,
410,,-0.131610,1.602639,0.575902,24.20,75.80,57999.365755999999,0,0,,,,,,
411,,-0.137087,1.635712,0.590905,24.83,75.17,57999.382118000001,0,0,,,,,,
412,,-0.133166,1.611956,0.580132,24.38,75.62,57999.661999000004,0,0,,,,,,
413,,-0.135412,1.625518,0.586284,24.63,75.37,57999.675143,0,0,,,,,,
414,,-0.139139,1.648308,0.596610,25.07,74.93,57999.691666999999,0,0,,,,,,
415,,-0.140777,1.658448,0.601199,25.26,74.74,57999.960080999997,0,0,,,,,,
416,,-0.143845,1.677623,0.609869,25.62,74.38,57999.972549999999,0,0,,,,,,
417,,-0.142385,1.668469,0.605731,25.45,74.55,57999.990021999998,0,0,,,,,,
418,,-0.142915,1.671782,0.607229,25.51,74.49,58000.265155000001,0,0,,,,,,
419,,-0.142453,1.668891,0.605922,25.46,74.54,58000.277783999998,0,0,,,,,,
420,,-0.141395,1.662290,0.602937,25.33,74.67,58000.290312999998,0,0,,,,,,
421,,-0.140408,1.656158,0.600163,25.22,74.78,58000.567690999997,0,0,,,,,,
422,,-0.141548,1.663241,0.603368,25.35,74.65,58000.580407000001,0,0,,,,,,
423,,-0.139261,1.649062,0.596951,25.08,74.92,58000.593112000002,0,0,,,,,,
424,,-0.140216,1.654967,0.599624,25.19,74.81,58000.882122000003,0,0,,,,,,
425,,-0.144708,1.683065,0.612328,25.73,74.27,58000.895125000003,0,0,,,,,,
426,,-0.139927,1.653176,0.598813,25.16,74.84,58000.911856999999,0,0,,,,,,
427,,-0.138647,1.645277,0.595238,25.01,74.99,58001.173310999999,0,0,,,,,,
428,,-0.139015,1.647546,0.596265,25.05,74.95,58001.187166999996,0,0,,,,,,
429,,-0.139041,1.647709,0.596338,25.06,74.94,58001.212208999998,0,0,,,,,,
430,,-0.140096,1.654222,0.599287,25.18,74.82,58001.375488999998,0,0,,,,,,
431,,-0.141859,1.665179,0.604244,25.39,74.61,58001.388336999997,0,0,,,,,,
432,,-0.135519,1.626167,0.586578,24.65,75.35,58001.401888,0,0,,,,,,
433,,-0.136779,1.633837,0.590055,24.79,75.21,58001.677965000003,0,0,,,,,,
434,,-0.134468,1.619803,0.583692,24.52,75.48,58001.690600000002,0,0,,,,,,
435,,-0.136794,1.633923,0.590094,24.79,75.21,58001.704025999999,0,0,,,,,,
436,,-0.136140,1.629942,0.588290,24.72,75.28,58001.980113999998,0,0,,,,,,
437,,-0.133094,1.611528,0.579937,24.37,75.63,58001.992081999997,0,0,,,,,,
438,,-0.137829,1.640258,0.592964,24.91,75.09,58002.284768999998,0,0,,,,,,
439,,-0.136256,1.630647,0.588609,24.73,75.27,58002.298943000002,0,0,,,,,,
440,,-0.134471,1.619817,0.583698,24.53,75.47,58002.312943999998,0,0,,,,,,
441,,-0.137885,1.640597,0.593118,24.92,75.08,58002.587100999997,0,0,,,,,,
442,,-0.136626,1.632901,0.589631,24.77,75.23,58002.674290000003,0,0,,,,,,
443,,-0.137398,1.637618,0.591768,24.86,75.14,58002.686973000003,0,0,,,,,,
444,,-0.137252,1.636723,0.591363,24.85,75.15,58002.888744000003,0,0,,,,,,
445,,-0.137025,1.635337,0.590735,24.82,75.18,58002.901597999997,0,0,,,,,,
446,,-0.134647,1.620882,0.584181,24.55,75.45,58002.914722000001,0,0,,,,,,
447,,-0.135116,1.623722,0.585470,24.60,75.40,58003.191442000003,0,0,,,,,,
448,,-0.134719,1.621321,0.584380,24.55,75.45,58003.204676000001,0,0,,,,,,
449,,-0.135597,1.626636,0.586791,24.66,75.34,58003.217703000002,0,0,,,,,,
450,,-0.137682,1.639353,0.592554,24.90,75.10,58003.497842999997,0,0,,,,,,
451,,-0.137793,1.640033,0.592862,24.91,75.09,58003.511208000004,0,0,,,,,,
452,,-0.138731,1.645794,0.595471,25.02,74.98,58003.524461000001,0,0,,,,,,
453,,-0.136413,1.631601,0.589041,24.75,75.25,58003.797929,0,0,,,,,,
454,,-0.139169,1.648493,0.596693,25.07,74.93,58003.810602999998,0,0,,,,,,
455,,-0.137617,1.638955,0.592374,24.89,75.11,58003.825771999997,0,0,,,,,,
456,,-0.139075,1.647916,0.596432,25.06,74.94,58004.100146999997,0,0,,,,,,
457,,-0.137453,1.637952,0.591920,24.87,75.13,58004.113653,0,0,,,,,,
458,,-0.137514,1.638324,0.592088,24.88,75.12,58004.126459999999,0,0,,,,,,
459,,-0.137668,1.639269,0.592516,24.90,75.10,58004.402561000003,0,0,,,,,,
460,,-0.137118,1.635904,0.590992,24.83,75.17,58004.415493,0,0,,,,,,
461,,-0.140840,1.658838,0.601375,25.27,74.73,58004.427991999997,0,0,,,,,,
462,,-0.138413,1.643840,0.594587,24.98,75.02,58004.714558,0,0,,,,,,
463,,-0.139407,1.649964,0.597360,25.10,74.90,58004.727313000003,0,0,,,,,,
464,,-0.140271,1.655307,0.599778,25.20,74.80,58004.739848999998,0,0,,,,,,
465,,-0.143821,1.677475,0.609803,25.62,74.38,58005.022426000003,0,0,,,,,,
466,,-0.060946,1.238650,0.408621,17.17,82.83,58005.036705999999,0,0,,,,,,
467,,-0.149787,1.715516,0.626970,26.34,73.66,58005.049633000002,0,0,,,,,,
468,,-0.144386,1.681033,0.611410,25.69,74.31,58005.328738999997,0,0,,,,,,
469,,-0.136375,1.631371,0.588937,24.75,75.25,58005.341545000003,0,0,,,,,,
470,,-0.131949,1.604668,0.576823,24.24,75.76,58005.355530000001,0,0,,,,,,
471,,-0.131607,1.602625,0.575896,24.20,75.80,58005.656717999998,0,0,,,,,,
472,,-0.120968,1.540580,0.547662,23.01,76.99,58005.669812,0,0,,,,,,
473,,-0.101986,1.436690,0.500128,21.01,78.99,58005.684362,0,0,,,,,,
474,,-0.092544,1.388058,0.477766,20.07,79.93,58005.944165000001,0,0,,,,,,
475,,-0.090949,1.380034,0.474069,19.92,80.08,58005.956903999999,0,0,,,,,,
476,,-0.089108,1.370836,0.469830,19.74,80.26,58005.969730999997,0,0,,,,,,
477,,-0.098246,1.417195,0.491172,20.64,79.36,58006.242208000003,0,0,,,,,,
478,,-0.103374,1.444004,0.503485,21.15,78.85,58006.258403,0,0,,,,,,
479,,-0.103865,1.446601,0.504677,21.20,78.80,58006.271688000001,0,0,,,,,,
480,,-0.107635,1.466734,0.513908,21.59,78.41,58006.452348999999,0,0,,,,,,
481,,-0.120318,1.536884,0.545976,22.94,77.06,58006.466994000002,0,0,,,,,,
482,,-0.138397,1.643743,0.594543,24.98,75.02,58006.481102999998,0,0,,,,,,
483,,-0.135921,1.628605,0.587683,24.69,75.31,58006.754604000002,0,0,,,,,,
484,,-0.137259,1.636767,0.591383,24.85,75.15,58006.769798000001,0,0,,,,,,
485,,-0.140304,1.655512,0.599871,25.20,74.80,58006.784610000002,0,0,,,,,,
486,,-0.141643,1.663832,0.603635,25.36,74.64,58007.046821000004,0,0,,,,,,
487,,-0.148068,1.704452,0.621982,26.13,73.87,58007.078472000001,0,0,,,,,,
488,,-0.148318,1.706056,0.622705,26.16,73.84,58007.092482,0,0,,,,,,
489,,-0.055999,1.216987,0.398540,16.75,83.25,58007.356161999996,0,0,,,,,,
490,,-0.143914,1.678062,0.610068,25.63,74.37,58007.380842999999,0,0,,,,,,
491,,-0.141371,1.662140,0.602869,25.33,74.67,58007.395279999997,0,0,,,,,,
492,,-0.137008,1.635232,0.590687,24.82,75.18,58007.656689000003,0,0,,,,,,
493,,-0.132815,1.609852,0.579177,24.34,75.66,58007.673431000003,0,0,,,,,,
494,,-0.131723,1.603316,0.576209,24.21,75.79,58007.698402000002,0,0,,,,,,
495,,-0.126996,1.575382,0.563513,23.68,76.32,58007.958481000001,0,0,,,,,,
496,,-0.107407,1.465504,0.513344,21.57,78.43,58007.971250000002,0,0,,,,,,
497,,-0.101324,1.433220,0.498535,20.95,79.05,58007.995736999997,0,0,,,,,,
498,,-0.094970,1.400367,0.483433,20.31,79.69,58008.252618999999,0,0,,,,,,
499,,-0.094921,1.400117,0.483318,20.31,79.69,58008.261014000003,0,0,,,,,,
500,,-0.096010,1.405684,0.485879,20.42,79.58,58008.268990999997,0,0,,,,,,
501,,-0.099993,1.426265,0.495340,20.81,79.19,58008.562642999997,0,0,,,,,,
502,,-0.102010,1.436819,0.500188,21.02,78.98,58008.575575000003,0,0,,,,,,
503,,-0.104203,1.448397,0.505501,21.24,78.76,58008.639836000002,0,0,,,,,,
504,,-0.107692,1.467042,0.514049,21.60,78.40,58008.868420999999,0,0,,,,,,
505,,-0.112972,1.495788,0.527207,22.15,77.85,58008.883143999999,0,0,,,,,,
506,,-0.134876,1.622266,0.584809,24.57,75.43,58008.905421000003,0,0,,,,,,
507,,-0.135474,1.625891,0.586453,24.64,75.36,58009.169381,0,0,,,,,,
508,,-0.138480,1.644254,0.594774,24.99,75.01,58009.182159999997,0,0,,,,,,
509,,-0.136364,1.631305,0.588907,24.74,75.26,58009.195720999996,0,0,,,,,,
510,,-0.137420,1.637752,0.591829,24.87,75.13,58009.471567000001,0,0,,,,,,
511,,-0.142283,1.667831,0.605443,25.44,74.56,58009.484452999997,0,0,,,,,,
512,,-0.147668,1.701887,0.620825,26.09,73.91,58009.497033,0,0,,,,,,
513,,-0.149456,1.713381,0.626008,26.30,73.70,58009.774427999997,0,0,,,,,,
514,,-0.144481,1.681633,0.611681,25.70,74.30,58009.787307999999,0,0,,,,,,
515,,-0.142165,1.667092,0.605109,25.42,74.58,58009.799896999997,0,0,,,,,,
516,,-0.135286,1.624752,0.585937,24.62,75.38,58010.082235000002,0,0,,,,,,
517,,-0.137052,1.635501,0.590809,24.82,75.18,58010.095590999998,0,0,,,,,,
518,,-0.132896,1.610334,0.579396,24.34,75.66,58010.108982999998,0,0,,,,,,
519,,-0.129832,1.592073,0.571102,24.00,76.00,58010.381136999997,0,0,,,,,,
520,,-0.128681,1.585277,0.568013,23.87,76.13,58010.394193,0,0,,,,,,
521,,-0.124202,1.559142,0.556121,23.37,76.63,58010.408732999997,0,0,,,,,,
522,,-0.104712,1.451100,0.506741,21.29,78.71,58010.683185000002,0,0,,,,,,
523,,-0.097574,1.413727,0.489578,20.57,79.43,58010.699065000001,0,0,,,,,,
524,,-0.096157,1.406439,0.486227,20.43,79.57,58010.711739999999,0,0,,,,,,
525,,-0.095378,1.402454,0.484393,20.35,79.65,58010.985951000002,0,0,,,,,,
526,,-0.097593,1.413822,0.489622,20.57,79.43,58011.001487000001,0,0,,,,,,
527,,-0.101893,1.436205,0.499906,21.00,79.00,58011.014330999998,0,0,,,,,,
528,,-0.109132,1.474814,0.517609,21.75,78.25,58011.303750999999,0,0,,,,,,
529,,-0.110231,1.480785,0.520343,21.86,78.14,58011.316417000002,0,0,,,,,,
530,,-0.115344,1.508916,0.533209,22.40,77.60,58011.328978999998,0,0,,,,,,
531,,-0.140391,1.656050,0.600114,25.21,74.79,58011.514754999997,0,0,,,,,,
532,,-0.138001,1.641312,0.593442,24.93,75.07,58011.527781999997,0,0,,,,,,
533,,-0.139397,1.649901,0.597331,25.10,74.90,58011.540492,0,0,,,,,,
534,,-0.139719,1.651890,0.598232,25.14,74.86,58011.815417999998,0,0,,,,,,
535,,-0.147599,1.701450,0.620627,26.08,73.92,58011.828834,0,0,,,,,,
536,,-0.146228,1.692704,0.616681,25.91,74.09,58011.843483999997,0,0,,,,,,
537,,-0.141314,1.661784,0.602709,25.32,74.68,58012.119280999999,0,0,,,,,,
538,,-0.141536,1.663164,0.603332,25.35,74.65,58012.132076000002,0,0,,,,,,
539,,-0.136921,1.634701,0.590446,24.81,75.19,58012.144760000003,0,0,,,,,,
540,,-0.136756,1.633691,0.589989,24.79,75.21,58012.420979000002,0,0,,,,,,
541,,-0.133182,1.612053,0.580175,24.38,75.62,58012.433658000002,0,0,,,,,,
542,,-0.128087,1.581778,0.566422,23.80,76.20,58012.446172999997,0,0,,,,,,
543,,-0.121946,1.546169,0.550210,23.12,76.88,58012.743794000002,0,0,,,,,,
544,,-0.105062,1.452960,0.507594,21.33,78.67,58012.756880000001,0,0,,,,,,
545,,-0.097082,1.411187,0.488410,20.52,79.48,58012.772149999997,0,0,,,,,,
546,,-0.097273,1.412172,0.488863,20.54,79.46,58013.046672999997,0,0,,,,,,
547,,-0.098218,1.417047,0.491104,20.63,79.37,58013.060102000003,0,0,,,,,,
548,,-0.105466,1.455113,0.508581,21.37,78.63,58013.076871999998,0,0,,,,,,
549,,-0.107164,1.464200,0.512747,21.54,78.46,58013.346347999999,0,0,,,,,,
550,,-0.114213,1.502637,0.530339,22.28,77.72,58013.359133999998,0,0,,,,,,
551,,-0.137215,1.636496,0.591260,24.84,75.16,58013.374210000002,0,0,,,,,,
552,,-0.139397,1.649903,0.597332,25.10,74.90,58013.65021,0,0,,,,,,
553,,-0.139607,1.651197,0.597918,25.12,74.88,58013.663310000004,0,0,,,,,,
554,,-0.146524,1.694583,0.617529,25.95,74.05,58013.676008000002,0,0,,,,,,
555,,-0.148073,1.704483,0.621996,26.13,73.87,58013.944484,0,0,,,,,,
556,,-0.144624,1.682540,0.612091,25.72,74.28,58013.966093000003,0,0,,,,,,
557,,-0.144652,1.682715,0.612170,25.72,74.28,58013.978717999998,0,0,,,,,,
558,,-0.137860,1.640444,0.593049,24.92,75.08,58014.252023000001,0,0,,,,,,
559,,-0.133991,1.616921,0.582384,24.47,75.53,58014.274782,0,0,,,,,,
560,,-0.138054,1.641634,0.593587,24.94,75.06,58014.287341000003,0,0,,,,,,
561,,-0.133978,1.616843,0.582349,24.47,75.53,58014.552239999997,0,0,,,,,,
562,,-0.132183,1.606062,0.577456,24.26,75.74,58014.565458999998,0,0,,,,,,
563,,-0.121870,1.545732,0.550011,23.11,76.89,58014.579134,0,0,,,,,,
564,,-0.102056,1.437057,0.500297,21.02,78.98,58014.855031999999,0,0,,,,,,
565,,-0.097594,1.413827,0.489624,20.57,79.43,58014.867942999997,0,0,,,,,,
566,,-0.097705,1.414402,0.489889,20.58,79.42,58014.891280999997,0,0,,,,,,
567,,-0.097514,1.413413,0.489434,20.56,79.44,58015.157417000002,0,0,,,,,,
568,,-0.102059,1.437076,0.500305,21.02,78.98,58015.170324999999,0,0,,,,,,
569,,-0.108156,1.469538,0.515192,21.65,78.35,58015.183439,0,0,,,,,,
570,,-0.115321,1.508786,0.533149,22.40,77.60,58015.464483000003,0,0,,,,,,
571,,-0.138695,1.645578,0.595374,25.02,74.98,58015.477466999997,0,0,,,,,,
572,,-0.139728,1.651945,0.598256,25.14,74.86,58015.490435,0,0,,,,,,
573,,-0.139374,1.649759,0.597267,25.10,74.90,58015.765556999999,0,0,,,,,,
574,,-0.144649,1.682692,0.612160,25.72,74.28,58015.778879999998,0,0,,,,,,
575,,-0.145664,1.689120,0.615062,25.84,74.16,58015.793708999998,0,0,,,,,,
576,,-0.049322,1.188441,0.385234,16.19,83.81,58016.067758999998,0,0,,,,,,
577,,-0.138634,1.645202,0.595203,25.01,74.99,58016.080500999997,0,0,,,,,,
578,,-0.141088,1.660381,0.602074,25.30,74.70,58016.092998,0,0,,,,,,
579,,-0.133794,1.615738,0.581848,24.45,75.55,58016.271918999999,0,0,,,,,,
580,,-0.134481,1.619879,0.583727,24.53,75.47,58016.284848000003,0,0,,,,,,
581,,-0.129827,1.592046,0.571090,24.00,76.00,58016.297567000001,0,0,,,,,,
582,,-0.109397,1.476253,0.518268,21.78,78.22,58016.583691,0,0,,,,,,
583,,-0.102379,1.438757,0.501077,21.05,78.95,58016.596568000001,0,0,,,,,,
584,,-0.098596,1.419004,0.492004,20.67,79.33,58016.609916000001,0,0,,,,,,
585,,-0.094374,1.397333,0.482036,20.25,79.75,58016.905791999998,0,0,,,,,,
586,,-0.098580,1.418925,0.491968,20.67,79.33,58016.918291000002,0,0,,,,,,
587,,-0.103371,1.443991,0.503479,21.15,78.85,58017.203621000001,0,0,,,,,,
588,,-0.109059,1.474420,0.517429,21.74,78.26,58017.234548,0,0,,,,,,
589,,-0.116455,1.515110,0.536038,22.52,77.48,58017.249478999998,0,0,,,,,,
590,,-0.139901,1.653017,0.598741,25.16,74.84,58017.505668999998,0,0,,,,,,
591,,-0.139332,1.649498,0.597149,25.09,74.91,58017.518370999998,0,0,,,,,,
592,,-0.141231,1.661267,0.602475,25.31,74.69,58017.54305,0,0,,,,,,
593,,-0.144119,1.679350,0.610650,25.66,74.34,58017.808449999997,0,0,,,,,,
594,,-0.145491,1.688025,0.614568,25.82,74.18,58017.821742,0,0,,,,,,
595,,-0.049978,1.191210,0.386526,16.24,83.76,58017.836000000003,0,0,,,,,,
596,,-0.141889,1.665367,0.604329,25.39,74.61,58018.111380000002,0,0,,,,,,
597,,-0.134932,1.622607,0.584964,24.58,75.42,58018.124356,0,0,,,,,,
598,,-0.135035,1.623230,0.585246,24.59,75.41,58018.137000000002,0,0,,,,,,
599,,-0.132238,1.606395,0.577607,24.27,75.73,58018.414867,0,0,,,,,,
600,,-0.132809,1.609815,0.579160,24.33,75.67,58018.429123000002,0,0,,,,,,
601,,-0.125965,1.569366,0.560776,23.56,76.44,58018.441920999998,0,0,,,,,,
602,,-0.103255,1.443374,0.503196,21.14,78.86,58018.716275999999,0,0,,,,,,
603,,-0.100815,1.430555,0.497311,20.90,79.10,58018.728945000003,0,0,,,,,,
604,,-0.095659,1.403891,0.485054,20.38,79.62,58018.742566000001,0,0,,,,,,
605,,-0.102289,1.438286,0.500861,21.04,78.96,58019.018502999999,0,0,,,,,,
606,,-0.105360,1.454547,0.508322,21.36,78.64,58019.031039000001,0,0,,,,,,
607,,-0.111402,1.487172,0.523266,21.99,78.01,58019.043705999997,0,0,,,,,,
608,,-0.134694,1.621166,0.584310,24.55,75.45,58019.321079000001,0,0,,,,,,
609,,-0.142050,1.666376,0.604785,25.41,74.59,58019.333803000001,0,0,,,,,,
610,,-0.146263,1.692925,0.616780,25.92,74.08,58019.346261999999,0,0,,,,,,
611,,-0.051524,1.197769,0.389585,16.37,83.63,58019.629615999998,0,0,,,,,,
612,,-0.052687,1.202729,0.391897,16.47,83.53,58019.642266000003,0,0,,,,,,
613,,-0.140301,1.655493,0.599862,25.20,74.80,58019.655169999998,0,0,,,,,,
614,,-0.134799,1.621801,0.584598,24.56,75.44,58019.927129000003,0,0,,,,,,
615,,-0.136092,1.629647,0.588156,24.71,75.29,58019.939791999997,0,0,,,,,,
616,,-0.127847,1.580368,0.565781,23.77,76.23,58019.954961000003,0,0,,,,,,
617,,-0.108162,1.469574,0.515209,21.65,78.35,58020.231176000001,0,0,,,,,,
618,,-0.105540,1.455510,0.508763,21.38,78.62,58020.244016999997,0,0,,,,,,
619,,-0.098064,1.416252,0.490739,20.62,79.38,58020.256887000003,0,0,,,,,,
620,,-0.098704,1.419566,0.492262,20.68,79.32,58020.538875999999,0,0,,,,,,
621,,-0.103296,1.443591,0.503296,21.15,78.85,58020.551572999997,0,0,,,,,,
622,,-0.101907,1.436277,0.499938,21.01,78.99,58020.564494999999,0,0,,,,,,
623,,-0.105947,1.457681,0.509759,21.42,78.58,58020.848461000001,0,0,,,,,,
624,,-0.112501,1.493195,0.526022,22.10,77.90,58020.861222,0,0,,,,,,
625,,-0.137965,1.641091,0.593342,24.93,75.07,58020.877459000003,0,0,,,,,,
626,,-0.141917,1.665542,0.604408,25.40,74.60,58021.055010999997,0,0,,,,,,
627,,-0.138807,1.646263,0.595684,25.03,74.97,58021.067857000002,0,0,,,,,,
628,,-0.145953,1.690952,0.615889,25.88,74.12,58021.080477000003,0,0,,,,,,
629,,-0.145032,1.685115,0.613254,25.77,74.23,58021.344507000002,0,0,,,,,,
630,,-0.049052,1.187303,0.384703,16.16,83.84,58021.367077000003,0,0,,,,,,
631,,-0.053319,1.205437,0.393159,16.52,83.48,58021.381352999997,0,0,,,,,,
632,,-0.053052,1.204293,0.392626,16.50,83.50,58021.646653000003,0,0,,,,,,
633,,-0.143051,1.672636,0.607615,25.53,74.47,58021.668418000001,0,0,,,,,,
634,,-0.056249,1.218070,0.399044,16.77,83.23,58021.680721999997,0,0,,,,,,
635,,-0.138534,1.644584,0.594924,25.00,75.00,58021.950029,0,0,,,,,,
636,,-0.137668,1.639269,0.592516,24.90,75.10,58021.972817000002,0,0,,,,,,
637,,-0.134397,1.619374,0.583498,24.52,75.48,58021.985930000003,0,0,,,,,,
638,,-0.134724,1.621347,0.584392,24.55,75.45,58022.260347000003,0,0,,,,,,
639,,-0.128406,1.583654,0.567275,23.84,76.16,58022.285829,0,0,,,,,,
640,,-0.128641,1.585042,0.567906,23.86,76.14,58022.298426000001,0,0,,,,,,
641,,-0.108355,1.470614,0.515685,21.67,78.33,58022.562349,0,0,,,,,,
642,,-0.100640,1.429638,0.496890,20.88,79.12,58022.575378000001,0,0,,,,,,
643,,-0.095473,1.402938,0.484615,20.36,79.64,58022.599366000002,0,0,,,,,,
644,,-0.094051,1.395690,0.481280,20.22,79.78,58022.864115999997,0,0,,,,,,
645,,-0.095013,1.400589,0.483535,20.32,79.68,58022.876879000003,0,0,,,,,,
646,,-0.099505,1.423723,0.494173,20.76,79.24,58022.906324000003,0,0,,,,,,
647,,-0.100858,1.430776,0.497412,20.90,79.10,58023.166184000002,0,0,,,,,,
648,,-0.103738,1.445930,0.504369,21.19,78.81,58023.179377,0,0,,,,,,
649,,-0.107235,1.464581,0.512921,21.55,78.45,58023.202813999997,0,0,,,,,,
650,,-0.111748,1.489066,0.524133,22.02,77.98,58023.471010000001,0,0,,,,,,
651,,-0.113868,1.500733,0.529469,22.25,77.75,58023.484149000004,0,0,,,,,,
652,,-0.137373,1.637462,0.591697,24.86,75.14,58023.497801999998,0,0,,,,,,
653,,-0.142403,1.668577,0.605781,25.45,74.55,58023.771997000003,0,0,,,,,,
654,,-0.137736,1.639688,0.592706,24.90,75.10,58023.785426000002,0,0,,,,,,
655,,-0.143250,1.673884,0.608180,25.55,74.45,58023.799109,0,0,,,,,,
656,,-0.145525,1.688238,0.614664,25.83,74.17,58024.0749,0,0,,,,,,
657,,-0.048597,1.185389,0.383810,16.13,83.87,58024.087401999997,0,0,,,,,,
658,,-0.050699,1.194263,0.387950,16.30,83.70,58024.099807999999,0,0,,,,,,
659,,-0.051721,1.198605,0.389974,16.39,83.61,58024.378405000003,0,0,,,,,,
660,,-0.050843,1.194873,0.388234,16.31,83.69,58024.391281999997,0,0,,,,,,
661,,-0.056240,1.218033,0.399027,16.77,83.23,58024.404356999999,0,0,,,,,,
662,,-0.053532,1.206348,0.393583,16.54,83.46,58024.694786,0,0,,,,,,
663,,-0.135489,1.625985,0.586495,24.64,75.36,58024.707410000003,0,0,,,,,,
664,,-0.134133,1.617779,0.582774,24.49,75.51,58024.719985000003,0,0,,,,,,
665,,-0.044669,1.169004,0.376160,15.81,84.19,58024.996381999998,0,0,,,,,,
666,,-0.129795,1.591855,0.571003,23.99,76.01,58025.012499999997,0,0,,,,,,
667,,-0.128445,1.583883,0.567379,23.84,76.16,58025.025866999997,0,0,,,,,,
668,,-0.104373,1.449296,0.505913,21.26,78.74,58025.299334000003,0,0,,,,,,
669,,-0.096938,1.410448,0.488070,20.51,79.49,58025.312020999998,0,0,,,,,,
670,,-0.095290,1.402000,0.484184,20.34,79.66,58025.324961999999,0,0,,,,,,
671,,-0.096354,1.407448,0.486691,20.45,79.55,58025.601016000001,0,0,,,,,,
672,,-0.101174,1.432434,0.498174,20.93,79.07,58025.614812,0,0,,,,,,
673,,-0.103113,1.442629,0.502854,21.13,78.87,58025.627504999997,0,0,,,,,,
674,,-0.106809,1.462297,0.511875,21.51,78.49,58025.914164000002,0,0,,,,,,
675,,-0.110146,1.480319,0.520130,21.85,78.15,58025.926904,0,0,,,,,,
676,,-0.133971,1.616803,0.582331,24.47,75.53,58025.940116999998,0,0,,,,,,
677,,-0.138106,1.641956,0.593733,24.95,75.05,58026.110049000003,0,0,,,,,,
678,,-0.140706,1.658003,0.600998,25.25,74.75,58026.140867000002,0,0,,,,,,
679,,-0.143882,1.677858,0.609975,25.63,74.37,58026.153995000001,0,0,,,,,,
680,,-0.142937,1.671924,0.607294,25.52,74.48,58026.411627000001,0,0,,,,,,
681,,-0.047566,1.181063,0.381791,16.04,83.96,58026.424269000003,0,0,,,,,,
682,,-0.139232,1.648882,0.596870,25.08,74.92,58026.438666000002,0,0,,,,,,
683,,-0.136440,1.631767,0.589117,24.75,75.25,58026.715537999997,0,0,,,,,,
684,,-0.134275,1.618634,0.583162,24.50,75.50,58026.728186,0,0,,,,,,
685,,-0.128566,1.584598,0.567704,23.85,76.15,58026.740917000003,0,0,,,,,,
686,,-0.126483,1.572389,0.562151,23.62,76.38,58027.020346999998,0,0,,,,,,
687,,-0.108646,1.472186,0.516406,21.70,78.30,58027.033007999999,0,0,,,,,,
688,,-0.101307,1.433127,0.498492,20.95,79.05,58027.045668999999,0,0,,,,,,
689,,-0.098466,1.418331,0.491695,20.66,79.34,58027.326350000003,0,0,,,,,,
690,,-0.096122,1.406259,0.486144,20.43,79.57,58027.349131000003,0,0,,,,,,
691,,-0.097759,1.414678,0.490015,20.59,79.41,58027.361852000002,0,0,,,,,,
692,,-0.101553,1.434419,0.499085,20.97,79.03,58027.630068999999,0,0,,,,,,
693,,-0.106172,1.458881,0.510309,21.44,78.56,58027.654422,0,0,,,,,,
694,,-0.107482,1.465910,0.513530,21.58,78.42,58027.668121000002,0,0,,,,,,
695,,-0.111036,1.485170,0.522350,21.95,78.05,58027.932833999999,0,0,,,,,,
696,,-0.137323,1.637160,0.591561,24.86,75.14,58027.946148000003,0,0,,,,,,
697,,-0.136594,1.632703,0.589541,24.77,75.23,58027.968427,0,0,,,,,,
698,,-0.142609,1.669867,0.606364,25.48,74.52,58028.236388999998,0,0,,,,,,
699,,-0.141492,1.662891,0.603209,25.34,74.66,58028.249139,0,0,,,,,,
700,,-0.138383,1.643656,0.594504,24.98,75.02,58028.271630000003,0,0,,,,,,
701,,-0.145194,1.686142,0.613718,25.79,74.21,58028.546395999998,0,0,,,,,,
702,,-0.141162,1.660837,0.602280,25.31,74.69,58028.560191999997,0,0,,,,,,
703,,-0.141734,1.664403,0.603893,25.37,74.63,58028.582203999998,0,0,,,,,,
704,,-0.132719,1.609274,0.578914,24.32,75.68,58028.854950000001,0,0,,,,,,
705,,-0.134077,1.617444,0.582622,24.48,75.52,58028.879056999998,0,0,,,,,,
706,,-0.128995,1.587128,0.568854,23.90,76.10,58028.892047000001,0,0,,,,,,
707,,-0.127955,1.581002,0.566069,23.78,76.22,58029.155959000003,0,0,,,,,,
708,,-0.127441,1.577988,0.564698,23.73,76.27,58029.169391000003,0,0,,,,,,
709,,-0.104651,1.450774,0.506591,21.29,78.71,58029.195225000003,0,0,,,,,,
710,,-0.096392,1.407646,0.486781,20.45,79.55,58029.457608999997,0,0,,,,,,
711,,-0.099395,1.423152,0.493910,20.75,79.25,58029.470386000001,0,0,,,,,,
712,,-0.101074,1.431907,0.497932,20.92,79.08,58029.492637000003,0,0,,,,,,
713,,-0.103705,1.445754,0.504288,21.19,78.81,58029.759479,0,0,,,,,,
714,,-0.106510,1.460694,0.511140,21.48,78.52,58029.772260999998,0,0,,,,,,
715,,-0.112274,1.491948,0.525451,22.08,77.92,58029.786375999996,0,0,,,,,,
716,,-0.136760,1.633720,0.590002,24.79,75.21,58030.067970999997,0,0,,,,,,
717,,-0.136532,1.632324,0.589369,24.76,75.24,58030.081036000003,0,0,,,,,,
718,,-0.143360,1.674575,0.608492,25.57,74.43,58030.104728999999,0,0,,,,,,
719,,-0.143941,1.678233,0.610145,25.64,74.36,58030.369085999999,0,0,,,,,,
720,,-0.148588,1.707788,0.623486,26.20,73.80,58030.382300999998,0,0,,,,,,
721,,-0.048461,1.184814,0.383542,16.12,83.88,58030.399775999998,0,0,,,,,,
722,,-0.051920,1.199457,0.390371,16.40,83.60,58030.672553999997,0,0,,,,,,
723,,-0.051644,1.198280,0.389823,16.38,83.62,58030.685333000001,0,0,,,,,,
724,,-0.050695,1.194248,0.387942,16.30,83.70,58030.698101000002,0,0,,,,,,
725,,-0.134867,1.622217,0.584787,24.57,75.43,58030.873959999997,0,0,,,,,,
726,,-0.134215,1.618273,0.582998,24.50,75.50,58030.886755,0,0,,,,,,
727,,-0.131864,1.604159,0.576592,24.23,75.77,58030.899409999998,0,0,,,,,,
728,,-0.105451,1.455034,0.508545,21.37,78.63,58031.292970000002,0,0,,,,,,
729,,-0.098520,1.418612,0.491824,20.66,79.34,58031.306576000003,0,0,,,,,,
730,,-0.095827,1.404750,0.485449,20.40,79.60,58031.501557000003,0,0,,,,,,
731,,-0.098417,1.418077,0.491578,20.65,79.35,58031.514426000002,0,0,,,,,,
732,,-0.103108,1.442599,0.502841,21.13,78.87,58031.527203999998,0,0,,,,,,
733,,-0.109735,1.478086,0.519107,21.81,78.19,58031.816602999999,0,0,,,,,,
734,,-0.114282,1.503024,0.530516,22.29,77.71,58031.830863000003,0,0,,,,,,
735,,-0.138503,1.644396,0.594838,24.99,75.01,58031.843856,0,0,,,,,,
736,,-0.139113,1.648152,0.596539,25.06,74.94,58032.125477000001,0,0,,,,,,
737,,-0.140198,1.654856,0.599574,25.19,74.81,58032.138252999997,0,0,,,,,,
738,,-0.144980,1.684788,0.613106,25.76,74.24,58032.152537000002,0,0,,,,,,
739,,-0.146019,1.691372,0.616079,25.89,74.11,58032.427958,0,0,,,,,,
740,,-0.046969,1.178563,0.380624,15.99,84.01,58032.440544999998,0,0,,,,,,
741,,-0.048720,1.185906,0.384051,16.14,83.86,58032.452802,0,0,,,,,,
742,,-0.047349,1.180154,0.381366,16.02,83.98,58032.730240999997,0,0,,,,,,
743,,-0.136408,1.631570,0.589028,24.75,75.25,58032.7428,0,0,,,,,,
744,,-0.129636,1.590911,0.570574,23.97,76.03,58032.755676000001,0,0,,,,,,
745,,-0.128569,1.584613,0.567711,23.85,76.15,58033.031113999998,0,0,,,,,,
746,,-0.127863,1.580466,0.565825,23.77,76.23,58033.055315999998,0,0,,,,,,
747,,-0.100832,1.430641,0.497351,20.90,79.10,58033.068109,0,0,,,,,,
748,,-0.095764,1.404427,0.485301,20.39,79.61,58033.332843999997,0,0,,,,,,
749,,-0.103159,1.442871,0.502965,21.13,78.87,58033.34592,0,0,,,,,,
750,,-0.102827,1.441118,0.502161,21.10,78.90,58033.369231999997,0,0,,,,,,
751,,-0.109071,1.474485,0.517458,21.74,78.26,58033.636102999997,0,0,,,,,,
752,,-0.117014,1.518237,0.537467,22.58,77.42,58033.648785999998,0,0,,,,,,
753,,-0.139948,1.653305,0.598872,25.16,74.84,58033.671216000002,0,0,,,,,,
754,,-0.140165,1.654651,0.599481,25.19,74.81,58033.938731000002,0,0,,,,,,
755,,-0.141642,1.663828,0.603633,25.36,74.64,58033.951348000002,0,0,,,,,,
756,,-0.141410,1.662382,0.602979,25.34,74.66,58033.980965000002,0,0,,,,,,
757,,-0.144556,1.682105,0.611895,25.71,74.29,58034.252304000001,0,0,,,,,,
758,,-0.143547,1.675752,0.609024,25.59,74.41,58034.265632000002,0,0,,,,,,
759,,-0.137849,1.640380,0.593019,24.92,75.08,58034.287420000001,0,0,,,,,,
760,,-0.135740,1.627507,0.587186,24.67,75.33,58034.461356,0,0,,,,,,
761,,-0.135911,1.628547,0.587657,24.69,75.31,58034.488420000001,0,0,,,,,,
762,,-0.132132,1.605763,0.577320,24.26,75.74,58034.501066999997,0,0,,,,,,
763,,-0.130746,1.597497,0.573566,24.10,75.90,58034.763513999998,0,0,,,,,,
764,,-0.127830,1.580268,0.565735,23.77,76.23,58034.776313000002,0,0,,,,,,
765,,-0.127131,1.576172,0.563872,23.69,76.31,58034.789391999999,0,0,,,,,,
766,,-0.105417,1.454850,0.508460,21.36,78.64,58035.066079999997,0,0,,,,,,
767,,-0.104292,1.448865,0.505715,21.25,78.75,58035.078810999999,0,0,,,,,,
768,,-0.098715,1.419622,0.492288,20.68,79.32,58035.091328000002,0,0,,,,,,
769,,-0.097922,1.415519,0.490402,20.61,79.39,58035.370109000003,0,0,,,,,,
770,,-0.095972,1.405493,0.485791,20.41,79.59,58035.382842999999,0,0,,,,,,
771,,-0.097385,1.412748,0.489128,20.55,79.45,58035.395735999999,0,0,,,,,,
772,,-0.099778,1.425145,0.494826,20.79,79.21,58035.678766999998,0,0,,,,,,
773,,-0.100122,1.426937,0.495649,20.83,79.17,58035.693202000002,0,0,,,,,,
774,,-0.101956,1.436533,0.500056,21.01,78.99,58035.706086999999,0,0,,,,,,
775,,-0.105959,1.457745,0.509788,21.42,78.58,58035.979565000001,0,0,,,,,,
776,,-0.110170,1.480449,0.520189,21.86,78.14,58035.992521,0,0,,,,,,
777,,-0.110069,1.479899,0.519937,21.85,78.15,58036.006298,0,0,,,,,,
778,,-0.116738,1.516694,0.536762,22.55,77.45,58036.282459000002,0,0,,,,,,
779,,-0.114741,1.505566,0.531678,22.34,77.66,58036.295674000001,0,0,,,,,,
780,,-0.135649,1.626952,0.586934,24.66,75.34,58036.308222,0,0,,,,,,
781,,-0.136804,1.633988,0.590123,24.80,75.20,58036.584434999997,0,0,,,,,,
782,,-0.139644,1.651430,0.598023,25.13,74.87,58036.597288999998,0,0,,,,,,
783,,-0.138725,1.645761,0.595456,25.02,74.98,58036.609927999998,0,0,,,,,,
784,,-0.145174,1.686014,0.613660,25.78,74.22,58036.887812000001,0,0,,,,,,
785,,-0.143155,1.673288,0.607910,25.54,74.46,58036.902098999999,0,0,,,,,,
786,,-0.143958,1.678338,0.610193,25.64,74.36,58036.914927999998,0,0,,,,,,
787,,-0.142498,1.669171,0.606049,25.46,74.54,58037.190919000001,0,0,,,,,,
788,,-0.051361,1.197076,0.389261,16.36,83.64,58037.203618,0,0,,,,,,
789,,-0.050449,1.193203,0.387455,16.28,83.72,58037.217806000001,0,0,,,,,,
790,,-0.050682,1.194191,0.387916,16.30,83.70,58037.491866999997,0,0,,,,,,
791,,-0.052915,1.203705,0.392352,16.49,83.51,58037.504612999997,0,0,,,,,,
792,,-0.050759,1.194517,0.388068,16.31,83.69,58037.516986000002,0,0,,,,,,
793,,-0.136552,1.632450,0.589426,24.77,75.23,58037.796646000003,0,0,,,,,,
794,,-0.134634,1.620802,0.584145,24.54,75.46,58037.809304000002,0,0,,,,,,
795,,-0.041826,1.157309,0.370695,15.58,84.42,58037.821640000002,0,0,,,,,,
796,,-0.128701,1.585394,0.568066,23.87,76.13,58038.104369000001,0,0,,,,,,
797,,-0.109803,1.478457,0.519277,21.82,78.18,58038.117676000002,0,0,,,,,,
798,,-0.103613,1.445269,0.504066,21.18,78.82,58038.130613000001,0,0,,,,,,
799,,-0.100976,1.431394,0.497696,20.91,79.09,58038.415317999999,0,0,,,,,,
800,,-0.100219,1.427441,0.495881,20.84,79.16,58038.429980000001,0,0,,,,,,
801,,-0.097411,1.412882,0.489189,20.55,79.45,58038.443093000002,0,0,,,,,,
802,,-0.105503,1.455312,0.508672,21.37,78.63,58038.717436999999,0,0,,,,,,
803,,-0.102285,1.438263,0.500851,21.04,78.96,58038.730471000003,0,0,,,,,,
804,,-0.105878,1.457313,0.509590,21.41,78.59,58038.743805999999,0,0,,,,,,
805,,-0.108732,1.472652,0.516619,21.71,78.29,58039.020146000003,0,0,,,,,,
806,,-0.111720,1.488910,0.524061,22.02,77.98,58039.032730999999,0,0,,,,,,
807,,-0.117596,1.521501,0.538957,22.65,77.35,58039.046184999999,0,0,,,,,,
808,,-0.134813,1.621886,0.584637,24.56,75.44,58039.330325000003,0,0,,,,,,
809,,-0.137049,1.635485,0.590802,24.82,75.18,58039.343644,0,0,,,,,,
810,,-0.137017,1.635287,0.590712,24.82,75.18,58039.357028999999,0,0,,,,,,
811,,-0.136820,1.634085,0.590167,24.80,75.20,58039.52317,0,0,,,,,,
812,,-0.138774,1.646062,0.595593,25.02,74.98,58039.547035000003,0,0,,,,,,
813,,-0.143633,1.676289,0.609267,25.60,74.40,58039.560100000002,0,0,,,,,,
814,,-0.140780,1.658465,0.601207,25.26,74.74,58039.825504,0,0,,,,,,
815,,-0.142803,1.671083,0.606913,25.50,74.50,58039.838236000003,0,0,,,,,,
816,,-0.147905,1.703408,0.621511,26.11,73.89,58039.852196,0,0,,,,,,
817,,-0.144767,1.683439,0.612497,25.74,74.26,58040.128556999996,0,0,,,,,,
818,,-0.050909,1.195153,0.388365,16.32,83.68,58040.141178999998,0,0,,,,,,
819,,-0.054347,1.209850,0.395215,16.61,83.39,58040.164558999997,0,0,,,,,,
820,,-0.054068,1.208652,0.394657,16.58,83.42,58040.430109000001,0,0,,,,,,
821,,-0.056223,1.217960,0.398993,16.76,83.24,58040.442645000003,0,0,,,,,,
822,,-0.056178,1.217764,0.398901,16.76,83.24,58040.455226999999,0,0,,,,,,
823,,-0.058547,1.228092,0.403709,16.96,83.04,58040.735062,0,0,,,,,,
824,,-0.056302,1.218300,0.399151,16.77,83.23,58040.748233999999,0,0,,,,,,
825,,-0.057640,1.224127,0.401864,16.89,83.11,58040.760886999997,0,0,,,,,,
826,,-0.054780,1.211719,0.396086,16.64,83.36,58041.035430000004,0,0,,,,,,
827,,-0.053896,1.207911,0.394312,16.57,83.43,58041.048717999998,0,0,,,,,,
828,,-0.051829,1.199068,0.390190,16.39,83.61,58041.063927000003,0,0,,,,,,
829,,-0.136172,1.630137,0.588378,24.72,75.28,58041.337475,0,0,,,,,,
830,,-0.134134,1.617782,0.582775,24.49,75.51,58041.350166999997,0,0,,,,,,
831,,-0.134379,1.619265,0.583448,24.51,75.49,58041.362782999997,0,0,,,,,,
832,,-0.132201,1.606171,0.577506,24.26,75.74,58041.672211999998,0,0,,,,,,
833,,-0.130995,1.598974,0.574237,24.13,75.87,58041.685247000001,0,0,,,,,,
834,,-0.125647,1.567519,0.559935,23.53,76.47,58041.718509999999,0,0,,,,,,
835,,-0.106551,1.460909,0.511238,21.48,78.52,58041.944973999998,0,0,,,,,,
836,,-0.099617,1.424307,0.494441,20.77,79.23,58041.960604,0,0,,,,,,
837,,-0.095204,1.401564,0.483983,20.34,79.66,58041.973448999997,0,0,,,,,,
838,,-0.097128,1.411424,0.488519,20.53,79.47,58042.245872,0,0,,,,,,
839,,-0.094994,1.400491,0.483490,20.31,79.69,58042.259592000002,0,0,,,,,,
840,,-0.101317,1.433181,0.498517,20.95,79.05,58042.273856,0,0,,,,,,
841,,-0.105192,1.453652,0.507911,21.34,78.66,58042.548175999997,0,0,,,,,,
842,,-0.109531,1.476978,0.518600,21.79,78.21,58042.562107999998,0,0,,,,,,
843,,-0.119176,1.530409,0.543022,22.82,77.18,58042.574746999999,0,0,,,,,,
844,,-0.141118,1.660565,0.602157,25.30,74.70,58042.850499,0,0,,,,,,
845,,-0.144570,1.682197,0.611936,25.71,74.29,58042.862814,0,0,,,,,,
846,,-0.050911,1.195162,0.388369,16.32,83.68,58042.875568000003,0,0,,,,,,
847,,-0.052973,1.203952,0.392467,16.49,83.51,58043.168266000001,0,0,,,,,,
848,,-0.138068,1.641723,0.593628,24.94,75.06,58043.181100000002,0,0,,,,,,
849,,-0.131340,1.601033,0.575173,24.17,75.83,58043.194028999998,0,0,,,,,,
850,,-0.107129,1.464013,0.512661,21.54,78.46,58043.455913999998,0,0,,,,,,
851,,-0.098652,1.419294,0.492137,20.68,79.32,58043.472102,0,0,,,,,,
852,,-0.096794,1.409709,0.487731,20.49,79.51,58043.498096000003,0,0,,,,,,
853,,-0.096796,1.409718,0.487735,20.49,79.51,58043.758527999998,0,0,,,,,,
854,,-0.099035,1.421280,0.493050,20.72,79.28,58043.77403,0,0,,,,,,
855,,-0.105266,1.454049,0.508093,21.35,78.65,58043.786977000003,0,0,,,,,,
856,,-0.105824,1.457023,0.509457,21.41,78.59,58044.061220000003,0,0,,,,,,
857,,-0.111863,1.489694,0.524420,22.03,77.97,58044.074057999998,0,0,,,,,,
858,,-0.137550,1.638547,0.592189,24.88,75.12,58044.089774,0,0,,,,,,
859,,-0.138848,1.646517,0.595799,25.03,74.97,58044.366967000002,0,0,,,,,,
860,,-0.142177,1.667165,0.605142,25.43,74.57,58044.379876999999,0,0,,,,,,
861,,-0.147487,1.700731,0.620303,26.06,73.94,58044.395041000003,0,0,,,,,,
862,,-0.054165,1.209068,0.394851,16.59,83.41,58044.678720999997,0,0,,,,,,
863,,-0.140167,1.654663,0.599487,25.19,74.81,58044.695872999997,0,0,,,,,,
864,,-0.127742,1.579752,0.565501,23.76,76.24,58044.709446000001,0,0,,,,,,
865,,-0.097914,1.415478,0.490383,20.60,79.40,58044.879266999997,0,0,,,,,,
866,,-0.095800,1.404608,0.485384,20.39,79.61,58044.892714000001,0,0,,,,,,
867,,-0.096072,1.406002,0.486025,20.42,79.58,58044.911096999997,0,0,,,,,,
868,,-0.100835,1.430657,0.497358,20.90,79.10,58045.181664000003,0,0,,,,,,
869,,-0.102786,1.440903,0.502062,21.10,78.90,58045.195089000001,0,0,,,,,,
870,,-0.105950,1.457696,0.509766,21.42,78.58,58045.208521,0,0,,,,,,
871,,-0.112958,1.495711,0.527172,22.15,77.85,58045.484390999998,0,0,,,,,,
872,,-0.113886,1.500832,0.529514,22.25,77.75,58045.497770000002,0,0,,,,,,
873,,-0.139379,1.649792,0.597282,25.10,74.90,58045.511358999996,0,0,,,,,,
874,,-0.140694,1.657932,0.600966,25.25,74.75,58045.800156999998,0,0,,,,,,
875,,-0.052073,1.200109,0.390676,16.41,83.59,58045.812943999998,0,0,,,,,,
876,,-0.050855,1.194924,0.388258,16.31,83.69,58046.102548000003,0,0,,,,,,
877,,-0.138144,1.642187,0.593838,24.95,75.05,58046.122764,0,0,,,,,,
878,,-0.130348,1.595134,0.572493,24.05,75.95,58046.138779000001,0,0,,,,,,
879,,-0.109402,1.476277,0.518279,21.78,78.22,58046.404643000002,0,0,,,,,,
880,,-0.099118,1.421710,0.493248,20.72,79.28,58046.417797000002,0,0,,,,,,
881,,-0.095412,1.402625,0.484472,20.36,79.64,58046.430909000002,0,0,,,,,,
882,,-0.096391,1.407637,0.486777,20.45,79.55,58046.707004000004,0,0,,,,,,
883,,-0.099616,1.424299,0.494437,20.77,79.23,58046.720049000003,0,0,,,,,,
884,,-0.105531,1.455457,0.508739,21.38,78.62,58046.733732000001,0,0,,,,,,
885,,-0.111015,1.485055,0.522297,21.95,78.05,58047.015793999999,0,0,,,,,,
886,,-0.136059,1.629448,0.588066,24.71,75.29,58047.028840999999,0,0,,,,,,
887,,-0.139296,1.649278,0.597049,25.09,74.91,58047.042232,0,0,,,,,,
888,,-0.138587,1.644908,0.595070,25.00,75.00,58047.315653999998,0,0,,,,,,
889,,-0.143730,1.676904,0.609544,25.61,74.39,58047.341961999999,0,0,,,,,,
890,,-0.049367,1.188630,0.385322,16.19,83.81,58047.357945000003,0,0,,,,,,
891,,-0.139794,1.652352,0.598440,25.14,74.86,58047.673367000003,0,0,,,,,,
892,,-0.133117,1.611662,0.579998,24.37,75.63,58047.680183999997,0,0,,,,,,
893,,-0.107910,1.468216,0.514587,21.62,78.38,58047.687166000003,0,0,,,,,,
894,,-0.094136,1.396123,0.481479,20.23,79.77,58047.920264,0,0,,,,,,
895,,-0.098606,1.419059,0.492029,20.67,79.33,58047.932894999998,0,0,,,,,,
896,,-0.103127,1.442701,0.502887,21.13,78.87,58047.94541,0,0,,,,,,
897,,-0.104258,1.448686,0.505633,21.25,78.75,58048.222877,0,0,,,,,,
898,,-0.112179,1.491431,0.525215,22.07,77.93,58048.235968000001,0,0,,,,,,
899,,-0.133881,1.616263,0.582086,24.46,75.54,58048.248384999999,0,0,,,,,,
900,,-0.139914,1.653099,0.598779,25.16,74.84,58048.533762999999,0,0,,,,,,
901,,-0.141523,1.663083,0.603296,25.35,74.65,58048.546561000003,0,0,,,,,,
902,,-0.142509,1.669240,0.606080,25.47,74.53,58048.559447,0,0,,,,,,
903,,-0.148938,1.710039,0.624501,26.24,73.76,58048.834175000004,0,0,,,,,,
904,,-0.145044,1.685189,0.613287,25.77,74.23,58048.847312999998,0,0,,,,,,
905,,-0.052484,1.201862,0.391493,16.45,83.55,58048.861925999998,0,0,,,,,,
906,,-0.052509,1.201967,0.391542,16.45,83.55,58049.136791999998,0,0,,,,,,
907,,-0.132111,1.605637,0.577263,24.25,75.75,58049.149588,0,0,,,,,,
908,,-0.101210,1.432619,0.498259,20.94,79.06,58049.162424000002,0,0,,,,,,
909,,-0.096338,1.407366,0.486653,20.45,79.55,58049.439307000001,0,0,,,,,,
910,,-0.102175,1.437684,0.500585,21.03,78.97,58049.452073,0,0,,,,,,
911,,-0.107367,1.465294,0.513248,21.57,78.43,58049.464984999999,0,0,,,,,,
912,,-0.115280,1.508562,0.533047,22.40,77.60,58049.754689000001,0,0,,,,,,
913,,-0.139857,1.652746,0.598619,25.15,74.85,58049.767625,0,0,,,,,,
914,,-0.137130,1.635979,0.591026,24.83,75.17,58049.780964999998,0,0,,,,,,
915,,-0.141127,1.660618,0.602181,25.30,74.70,58049.96142,0,0,,,,,,
916,,-0.144071,1.679050,0.610514,25.65,74.35,58049.974882000002,0,0,,,,,,
917,,-0.142090,1.666623,0.604897,25.42,74.58,58049.988581999998,0,0,,,,,,
918,,-0.146879,1.696852,0.618553,25.99,74.01,58050.263647,0,0,,,,,,
919,,-0.049746,1.190228,0.386068,16.22,83.78,58050.277511,0,0,,,,,,
920,,-0.054409,1.210117,0.395340,16.61,83.39,58050.292889999997,0,0,,,,,,
921,,-0.056735,1.220184,0.400028,16.81,83.19,58050.566846000002,0,0,,,,,,
922,,-0.053742,1.207249,0.394003,16.55,83.45,58050.580212000001,0,0,,,,,,
923,,-0.040984,1.153872,0.369088,15.51,84.49,58050.592078000001,0,0,,,,,,
924,,-0.097673,1.414233,0.489811,20.58,79.42,58050.870421,0,0,,,,,,
925,,-0.099548,1.423945,0.494274,20.77,79.23,58050.883621000001,0,0,,,,,,
926,,-0.103091,1.442512,0.502800,21.13,78.87,58050.896664,0,0,,,,,,
927,,-0.105351,1.454501,0.508300,21.36,78.64,58051.179920000002,0,0,,,,,,
928,,-0.109161,1.474971,0.517681,21.75,78.25,58051.192425000001,0,0,,,,,,
929,,-0.118794,1.528253,0.542039,22.77,77.23,58051.205693999997,0,0,,,,,,
930,,-0.140486,1.656640,0.600381,25.23,74.77,58051.469877000003,0,0,,,,,,
931,,-0.142113,1.666767,0.604962,25.42,74.58,58051.483483000004,0,0,,,,,,
932,,-0.141660,1.663942,0.603685,25.36,74.64,58051.513076000003,0,0,,,,,,
933,,-0.147180,1.698770,0.619418,26.03,73.97,58051.772708999997,0,0,,,,,,
934,,-0.049631,1.189745,0.385842,16.21,83.79,58051.785367999997,0,0,,,,,,
935,,-0.053134,1.204643,0.392789,16.50,83.50,58051.798166,0,0,,,,,,
936,,-0.054760,1.211629,0.396044,16.64,83.36,58052.075578999997,0,0,,,,,,
937,,-0.054851,1.212024,0.396228,16.65,83.35,58052.088184,0,0,,,,,,
938,,-0.134804,1.621831,0.584612,24.56,75.44,58052.101260000003,0,0,,,,,,
939,,-0.103776,1.446130,0.504461,21.20,78.80,58052.387248999999,0,0,,,,,,
940,,-0.098150,1.416699,0.490944,20.63,79.37,58052.400052999998,0,0,,,,,,
941,,-0.106089,1.458440,0.510106,21.43,78.57,58052.414183000001,0,0,,,,,,
942,,-0.107609,1.466592,0.513842,21.59,78.41,58052.691178000001,0,0,,,,,,
943,,-0.111082,1.485422,0.522465,21.95,78.05,58052.706124999997,0,0,,,,,,
944,,-0.117330,1.520013,0.538277,22.62,77.38,58052.719730999997,0,0,,,,,,
945,,-0.140971,1.659653,0.601744,25.28,74.72,58052.993059,0,0,,,,,,
946,,-0.138008,1.641352,0.593460,24.94,75.06,58053.005900999997,0,0,,,,,,
947,,-0.142658,1.670174,0.606502,25.48,74.52,58053.018968999997,0,0,,,,,,
948,,-0.143677,1.676570,0.609394,25.60,74.40,58053.295402999996,0,0,,,,,,
949,,-0.145444,1.687724,0.614432,25.82,74.18,58053.307938999998,0,0,,,,,,
950,,-0.054662,1.211207,0.395847,16.63,83.37,58053.320234999999,0,0,,,,,,
951,,-0.057928,1.225380,0.402447,16.91,83.09,58053.659383999999,0,0,,,,,,
952,,-0.135923,1.628620,0.587690,24.69,75.31,58053.672280999999,0,0,,,,,,
953,,-0.110090,1.480015,0.519991,21.85,78.15,58053.686470000001,0,0,,,,,,
954,,-0.095140,1.401238,0.483833,20.33,79.67,58053.917601000001,0,0,,,,,,
955,,-0.100823,1.430594,0.497329,20.90,79.10,58053.930274999999,0,0,,,,,,
956,,-0.103365,1.443959,0.503464,21.15,78.85,58053.943006000001,0,0,,,,,,
957,,-0.104957,1.452399,0.507336,21.32,78.68,58054.217182,0,0,,,,,,
958,,-0.110460,1.482032,0.520914,21.89,78.11,58054.230615,0,0,,,,,,
959,,-0.115036,1.507205,0.532427,22.37,77.63,58054.245491000001,0,0,,,,,,
960,,-0.139450,1.650226,0.597478,25.10,74.90,58054.520979000001,0,0,,,,,,
961,,-0.140575,1.657190,0.600630,25.24,74.76,58054.533578000002,0,0,,,,,,
962,,-0.144078,1.679093,0.610533,25.65,74.35,58054.546753000002,0,0,,,,,,
963,,-0.142607,1.669855,0.606358,25.48,74.52,58054.725010000002,0,0,,,,,,
964,,-0.145230,1.686371,0.613821,25.79,74.21,58054.737819000002,0,0,,,,,,
965,,-0.055450,1.214613,0.397434,16.70,83.30,58054.750569000003,0,0,,,,,,
966,,-0.054562,1.210777,0.395647,16.62,83.38,58055.029225999999,0,0,,,,,,
967,,-0.129758,1.591637,0.570904,23.99,76.01,58055.042182999998,0,0,,,,,,
968,,-0.107321,1.465045,0.513134,21.56,78.44,58055.055775000001,0,0,,,,,,
969,,-0.105167,1.453520,0.507850,21.34,78.66,58055.327217999999,0,0,,,,,,
970,,-0.102405,1.438892,0.501139,21.06,78.94,58055.351591999999,0,0,,,,,,
971,,-0.106621,1.461288,0.511412,21.49,78.51,58055.364613999998,0,0,,,,,,
972,,-0.107759,1.467402,0.514214,21.61,78.39,58055.629626000002,0,0,,,,,,
973,,-0.105133,1.453337,0.507767,21.33,78.67,58055.642288000003,0,0,,,,,,
974,,-0.103327,1.443756,0.503372,21.15,78.85,58055.656240999997,0,0,,,,,,
975,,-0.106620,1.461284,0.511410,21.49,78.51,58055.931516999997,0,0,,,,,,
976,,-0.108456,1.471159,0.515935,21.68,78.32,58055.944175999997,0,0,,,,,,
977,,-0.104234,1.448558,0.505574,21.24,78.76,58055.957544999997,0,0,,,,,,
978,,-0.107651,1.466818,0.513946,21.59,78.41,58056.234050999999,0,0,,,,,,
979,,-0.106596,1.461151,0.511349,21.49,78.51,58056.246727999998,0,0,,,,,,
980,,-0.106555,1.460936,0.511251,21.48,78.52,58056.259839999999,0,0,,,,,,
981,,-0.107056,1.463620,0.512481,21.53,78.47,58056.540660999999,0,0,,,,,,
982,,-0.109334,1.475911,0.518111,21.77,78.23,58056.553819000001,0,0,,,,,,
983,,-0.106951,1.463058,0.512223,21.52,78.48,58056.567260999997,0,0,,,,,,
984,,-0.108439,1.471067,0.515893,21.68,78.32,58056.841031000004,0,0,,,,,,
985,,-0.107336,1.465124,0.513170,21.56,78.44,58056.853876000001,0,0,,,,,,
986,,-0.111557,1.488022,0.523655,22.00,78.00,58056.870763999999,0,0,,,,,,
987,,-0.112162,1.491335,0.525171,22.07,77.93,58057.143723000001,0,0,,,,,,
988,,-0.111246,1.486320,0.522876,21.97,78.03,58057.156553000001,0,0,,,,,,
989,,-0.108591,1.471890,0.516270,21.69,78.31,58057.169416999997,0,0,,,,,,
990,,-0.111319,1.486718,0.523058,21.98,78.02,58057.446558000003,0,0,,,,,,
991,,-0.112142,1.491224,0.525120,22.06,77.94,58057.459589999999,0,0,,,,,,
992,,-0.113210,1.497098,0.527807,22.18,77.82,58057.474595,0,0,,,,,,
993,,-0.110712,1.483402,0.521541,21.91,78.09,58057.751899000003,0,0,,,,,,
994,,-0.113681,1.499700,0.528996,22.23,77.77,58057.765736000001,0,0,,,,,,
995,,-0.124848,1.562878,0.557822,23.44,76.56,58057.778398000002,0,0,,,,,,
996,,-0.113510,1.498754,0.528564,22.21,77.79,58058.052655,0,0,,,,,,
997,,-0.128284,1.582938,0.566949,23.82,76.18,58058.066012000003,0,0,,,,,,
998,,-0.113219,1.497150,0.527830,22.18,77.82,58058.080823999997,0,0,,,,,,
999,,-0.111332,1.486787,0.523090,21.98,78.02,58058.355307999998,0,0,,,,,,
1000,,-0.114078,1.501892,0.529998,22.27,77.73,58058.368135999997,0,0,,,,,,
1001,,-0.111987,1.490378,0.524733,22.05,77.95,58058.380820999999,0,0,,,,,,
1002,,-0.111610,1.488311,0.523787,22.01,77.99,58058.657541,0,0,,,,,,
1003,,-0.127042,1.575654,0.563637,23.68,76.32,58058.670165000003,0,0,,,,,,
1004,,-0.110355,1.481459,0.520651,21.88,78.12,58058.682698999997,0,0,,,,,,
1005,,-0.130833,1.598012,0.573801,24.11,75.89,58058.965881999997,0,0,,,,,,
1006,,-0.036572,1.136053,0.360752,15.16,84.84,58058.978644000003,0,0,,,,,,
1007,,-0.129519,1.590219,0.570260,23.96,76.04,58058.991275,0,0,,,,,,
1008,,-0.132745,1.609432,0.578986,24.33,75.67,58059.280058999997,0,0,,,,,,
1009,,-0.128600,1.584798,0.567795,23.86,76.14,58059.294471000001,0,0,,,,,,
1010,,-0.129560,1.590461,0.570370,23.97,76.03,58059.307350000003,0,0,,,,,,
1011,,-0.131749,1.603472,0.576280,24.21,75.79,58059.585615999997,0,0,,,,,,
1012,,-0.135079,1.623499,0.585368,24.60,75.40,58059.598522,0,0,,,,,,
1013,,-0.136334,1.631123,0.588825,24.74,75.26,58059.662297000003,0,0,,,,,,
1014,,-0.046592,1.176991,0.379890,15.96,84.04,58059.791892000001,0,0,,,,,,
1015,,-0.051860,1.199197,0.390250,16.40,83.60,58059.80485,0,0,,,,,,
1016,,-0.051384,1.197174,0.389307,16.36,83.64,58059.818378999997,0,0,,,,,,
1017,,-0.051467,1.197526,0.389471,16.36,83.64,58060.096396000001,0,0,,,,,,
1018,,-0.052255,1.200882,0.391036,16.43,83.57,58060.109357000001,0,0,,,,,,
1019,,-0.049340,1.188515,0.385269,16.19,83.81,58060.123420000004,0,0,,,,,,
1020,,-0.050619,1.193923,0.387791,16.29,83.71,58060.403968999999,0,0,,,,,,
1021,,-0.049780,1.190372,0.386135,16.22,83.78,58060.416859999998,0,0,,,,,,
1022,,-0.052775,1.203104,0.392072,16.47,83.53,58060.430076999997,0,0,,,,,,
1023,,-0.053335,1.205504,0.393190,16.52,83.48,58060.712693000001,0,0,,,,,,
1024,,-0.054333,1.209792,0.395188,16.60,83.40,58060.748405999999,0,0,,,,,,
1025,,-0.058721,1.228852,0.404063,16.98,83.02,58060.761195999999,0,0,,,,,,
1026,,-0.059844,1.233788,0.406359,17.07,82.93,58061.013071000001,0,0,,,,,,
1027,,-0.063123,1.248325,0.413119,17.36,82.64,58061.026055000002,0,0,,,,,,
1028,,-0.064489,1.254442,0.415961,17.48,82.52,58061.043694,0,0,,,,,,
1029,,-0.062451,1.245329,0.411726,17.30,82.70,58061.315255000001,0,0,,,,,,
1030,,-0.065128,1.257313,0.417295,17.53,82.47,58061.328119999998,0,0,,,,,,
1031,,-0.064960,1.256558,0.416944,17.52,82.48,58061.618706000001,0,0,,,,,,
1032,,-0.066917,1.265399,0.421049,17.69,82.31,58061.631863000002,0,0,,,,,,
1033,,-0.066084,1.261626,0.419297,17.62,82.38,58061.645352,0,0,,,,,,
1034,,-0.066292,1.262566,0.419734,17.64,82.36,58061.931341000003,0,0,,,,,,
1035,,-0.067761,1.269231,0.422828,17.77,82.23,58061.944911999999,0,0,,,,,,
1036,,-0.061136,1.239493,0.409013,17.19,82.81,58061.957726000001,0,0,,,,,,
1037,,-0.041449,1.155770,0.369975,15.55,84.45,58062.246247000003,0,0,,,,,,
1038,,-0.102280,1.438237,0.500839,21.04,78.96,58062.261616999996,0,0,,,,,,
1039,,-0.136557,1.632481,0.589441,24.77,75.23,58062.287859999997,0,0,,,,,,
1040,,-0.146707,1.695753,0.618057,25.97,74.03,58062.547546000002,0,0,,,,,,
1041,,-0.137432,1.637825,0.591862,24.87,75.13,58062.560717,0,0,,,,,,
1042,,-0.108152,1.469517,0.515183,21.65,78.35,58062.573418,0,0,,,,,,
1043,,-0.102650,1.440182,0.501731,21.08,78.92,58062.850195999999,0,0,,,,,,
1044,,-0.100510,1.428960,0.496579,20.86,79.14,58062.863559999998,0,0,,,,,,
1045,,-0.097720,1.414477,0.489923,20.59,79.41,58062.876714999999,0,0,,,,,,
1046,,-0.102286,1.438268,0.500852,21.04,78.96,58063.152124,0,0,,,,,,
1047,,-0.101495,1.434111,0.498944,20.96,79.04,58063.165220000003,0,0,,,,,,
1048,,-0.095399,1.402560,0.484442,20.35,79.65,58063.177812000002,0,0,,,,,,
1049,,-0.093767,1.394251,0.480618,20.19,79.81,58063.365666999998,0,0,,,,,,
1050,,-0.096279,1.407062,0.486513,20.44,79.56,58063.378521999999,0,0,,,,,,
1051,,-0.103306,1.443644,0.503320,21.15,78.85,58063.391194000003,0,0,,,,,,
1052,,-0.105569,1.455661,0.508832,21.38,78.62,58063.662763,0,0,,,,,,
1053,,-0.104946,1.452341,0.507310,21.32,78.68,58063.677007999999,0,0,,,,,,
1054,,-0.106924,1.462914,0.512157,21.52,78.48,58063.690897,0,0,,,,,,
1055,,-0.036581,1.136091,0.360769,15.16,84.84,58063.964846000003,0,0,,,,,,
1056,,-0.045079,1.170704,0.376954,15.84,84.16,58063.978225999999,0,0,,,,,,
1057,,-0.045492,1.172413,0.377752,15.87,84.13,58063.990690999999,0,0,,,,,,
1058,,-0.050880,1.195032,0.388308,16.32,83.68,58064.267488999998,0,0,,,,,,
1059,,-0.049010,1.187124,0.384619,16.16,83.84,58064.280901999999,0,0,,,,,,
1060,,-0.049408,1.188802,0.385402,16.19,83.81,58064.293614000002,0,0,,,,,,
1061,,-0.050123,1.191825,0.386812,16.25,83.75,58064.589476000001,0,0,,,,,,
1062,,-0.050564,1.193691,0.387683,16.29,83.71,58064.602208999997,0,0,,,,,,
1063,,-0.051068,1.195828,0.388679,16.33,83.67,58064.615335000002,0,0,,,,,,
1064,,-0.047754,1.181848,0.382158,16.06,83.94,58064.89028,0,0,,,,,,
1065,,-0.051194,1.196364,0.388930,16.34,83.66,58064.913591999997,0,0,,,,,,
1066,,-0.050711,1.194316,0.387974,16.30,83.70,58064.926008000002,0,0,,,,,,
1067,,-0.049802,1.190467,0.386179,16.23,83.77,58065.194437999999,0,0,,,,,,
1068,,-0.049008,1.187119,0.384617,16.16,83.84,58065.207071999997,0,0,,,,,,
1069,,-0.050347,1.192772,0.387254,16.27,83.73,58065.232209000002,0,0,,,,,,
1070,,-0.049048,1.187286,0.384695,16.16,83.84,58065.500623,0,0,,,,,,
1071,,-0.050076,1.191627,0.386720,16.25,83.75,58065.513094000002,0,0,,,,,,
1072,,-0.051066,1.195823,0.388677,16.33,83.67,58065.525496000002,0,0,,,,,,
1073,,-0.046365,1.176044,0.379448,15.94,84.06,58065.804257000003,0,0,,,,,,
1074,,-0.049217,1.187996,0.385026,16.18,83.82,58065.816815999999,0,0,,,,,,
1075,,-0.049191,1.187890,0.384977,16.18,83.82,58065.829102000003,0,0,,,,,,
1076,,-0.049204,1.187943,0.385002,16.18,83.82,58066.116889999998,0,0,,,,,,
1077,,-0.048866,1.186519,0.384337,16.15,83.85,58066.129710000001,0,0,,,,,,
1078,,-0.051128,1.196083,0.388798,16.34,83.66,58066.142110000001,0,0,,,,,,
1079,,-0.051452,1.197461,0.389441,16.36,83.64,58066.419543000004,0,0,,,,,,
1080,,-0.048921,1.186750,0.384445,16.15,83.85,58066.437105999998,0,0,,,,,,
1081,,-0.045969,1.174399,0.378680,15.91,84.09,58066.449922,0,0,,,,,,
1082,,-0.032331,1.119224,0.352870,14.83,85.17,58066.721156,0,0,,,,,,
1083,,-0.098808,1.420107,0.492511,20.69,79.31,58066.733898999999,0,0,,,,,,
1084,,-0.139967,1.653421,0.598925,25.16,74.84,58066.746694000001,0,0,,,,,,
1085,,-0.144282,1.680377,0.611114,25.68,74.32,58067.023566999997,0,0,,,,,,
1086,,-0.137069,1.635604,0.590855,24.83,75.17,58067.036200000002,0,0,,,,,,
1087,,-0.097717,1.414460,0.489915,20.58,79.42,58067.049011000003,0,0,,,,,,
1088,,-0.099792,1.425215,0.494858,20.79,79.21,58067.332592999999,0,0,,,,,,
1089,,-0.045456,1.172266,0.377684,15.87,84.13,58067.345094999997,0,0,,,,,,
1090,,-0.047949,1.182667,0.382540,16.07,83.93,58067.358305000002,0,0,,,,,,
1091,,-0.046641,1.177197,0.379986,15.97,84.03,58067.542357999999,0,0,,,,,,
1092,,-0.044929,1.170082,0.376664,15.83,84.17,58067.555224999996,0,0,,,,,,
1093,,-0.050577,1.193747,0.387709,16.29,83.71,58067.567774000003,0,0,,,,,,
1094,,-0.048880,1.186579,0.384365,16.15,83.85,58067.852271999996,0,0,,,,,,
1095,,-0.049113,1.187557,0.384822,16.17,83.83,58067.866091000004,0,0,,,,,,
1096,,-0.047844,1.182225,0.382333,16.06,83.94,58067.878777999998,0,0,,,,,,
1097,,-0.049509,1.189230,0.385602,16.20,83.80,58068.158643000002,0,0,,,,,,
1098,,-0.049153,1.187726,0.384900,16.17,83.83,58068.171295,0,0,,,,,,
1099,,-0.048193,1.183691,0.383018,16.09,83.91,58068.186236000001,0,0,,,,,,
1100,,-0.050184,1.192082,0.386933,16.26,83.74,58068.474708000002,0,0,,,,,,
1101,,-0.048940,1.186832,0.384483,16.15,83.85,58068.482375,0,0,,,,,,
1102,,-0.047458,1.180609,0.381579,16.03,83.97,58068.490096000001,0,0,,,,,,
1103,,-0.049770,1.190330,0.386115,16.22,83.78,58068.767206999997,0,0,,,,,,
1104,,-0.048214,1.183777,0.383057,16.09,83.91,58068.782463000003,0,0,,,,,,
1105,,-0.048192,1.183685,0.383015,16.09,83.91,58068.795303999999,0,0,,,,,,
1106,,-0.048531,1.185111,0.383680,16.12,83.88,58069.068363999999,0,0,,,,,,
1107,,-0.046289,1.175730,0.379301,15.94,84.06,58069.092417,0,0,,,,,,
1108,,-0.032275,1.119004,0.352767,14.82,85.18,58069.105324999997,0,0,,,,,,
1109,,-0.101177,1.432450,0.498181,20.93,79.07,58069.369274999997,0,0,,,,,,
1110,,-0.145517,1.688189,0.614642,25.83,74.17,58069.397535999997,0,0,,,,,,
1111,,-0.143750,1.677028,0.609601,25.61,74.39,58069.410653999999,0,0,,,,,,
1112,,-0.099395,1.423152,0.493910,20.75,79.25,58069.672553999997,0,0,,,,,,
1113,,-0.062171,1.244086,0.411148,17.28,82.72,58069.704458,0,0,,,,,,
1114,,-0.089170,1.371145,0.469972,19.75,80.25,58069.717919000002,0,0,,,,,,
1115,,-0.071603,1.286856,0.431003,18.11,81.89,58069.976624000003,0,0,,,,,,
1116,,-0.061680,1.241904,0.410134,17.23,82.77,58069.999823999999,0,0,,,,,,
1117,,-0.069383,1.276637,0.426264,17.91,82.09,58070.015867000002,0,0,,,,,,
1118,,-0.070781,1.283062,0.429244,18.04,81.96,58070.290513,0,0,,,,,,
1119,,-0.067224,1.266788,0.421694,17.72,82.28,58070.313140999999,0,0,,,,,,
1120,,-0.065333,1.258236,0.417723,17.55,82.45,58070.329341999997,0,0,,,,,,
1121,,-0.066307,1.262635,0.419766,17.64,82.36,58070.620134999997,0,0,,,,,,
1122,,-0.067052,1.266011,0.421333,17.70,82.30,58070.6371,0,0,,,,,,
1123,,-0.062901,1.247334,0.412658,17.34,82.66,58070.649783000001,0,0,,,,,,
1124,,-0.066273,1.262481,0.419694,17.63,82.37,58070.808472999997,0,0,,,,,,
1125,,-0.063124,1.248329,0.413120,17.36,82.64,58070.822851999998,0,0,,,,,,
1126,,-0.066323,1.262707,0.419799,17.64,82.36,58070.839110000001,0,0,,,,,,
1127,,-0.064488,1.254437,0.415958,17.48,82.52,58071.111492000004,0,0,,,,,,
1128,,-0.063494,1.249982,0.413888,17.39,82.61,58071.135854,0,0,,,,,,
1129,,-0.063685,1.250836,0.414285,17.41,82.59,58071.154505999999,0,0,,,,,,
1130,,-0.061175,1.239665,0.409092,17.19,82.81,58071.413832999999,0,0,,,,,,
1131,,-0.060609,1.237163,0.407929,17.14,82.86,58071.427914,0,0,,,,,,
1132,,-0.052013,1.199850,0.390555,16.41,83.59,58071.450900999997,0,0,,,,,,
1133,,-0.096768,1.409574,0.487668,20.49,79.51,58071.719454999999,0,0,,,,,,
1134,,-0.031020,1.114080,0.350459,14.73,85.27,58071.732873000001,0,0,,,,,,
1135,,-0.042281,1.159172,0.371566,15.61,84.39,58071.755327999999,0,0,,,,,,
1136,,-0.138797,1.646203,0.595657,25.03,74.97,58072.027905000003,0,0,,,,,,
1137,,-0.098286,1.417400,0.491266,20.64,79.36,58072.043786000002,0,0,,,,,,
1138,,-0.062842,1.247072,0.412536,17.33,82.67,58072.065390000003,0,0,,,,,,
1139,,-0.072395,1.290522,0.432703,18.18,81.82,58072.330355999999,0,0,,,,,,
1140,,-0.059614,1.232777,0.405889,17.05,82.95,58072.342959000001,0,0,,,,,,
1141,,-0.055098,1.213089,0.396724,16.67,83.33,58072.357008999999,0,0,,,,,,
1142,,-0.048299,1.184135,0.383225,16.10,83.90,58072.635355999999,0,0,,,,,,
1143,,-0.051138,1.196128,0.388819,16.34,83.66,58072.648007000003,0,0,,,,,,
1144,,-0.049721,1.190124,0.386019,16.22,83.78,58072.671325000003,0,0,,,,,,
1145,,-0.050810,1.194735,0.388170,16.31,83.69,58072.939137000001,0,0,,,,,,
1146,,-0.049888,1.190828,0.386348,16.23,83.77,58072.953004000003,0,0,,,,,,
1147,,-0.051100,1.195966,0.388744,16.33,83.67,58072.965800999998,0,0,,,,,,
1148,,-0.049429,1.188893,0.385445,16.20,83.80,58073.253051,0,0,,,,,,
1149,,-0.048475,1.184875,0.383570,16.12,83.88,58073.265850999996,0,0,,,,,,
1150,,-0.050270,1.192448,0.387103,16.26,83.74,58073.288571999998,0,0,,,,,,
1151,,-0.050517,1.193494,0.387591,16.29,83.71,58073.562618000004,0,0,,,,,,
1152,,-0.050418,1.193071,0.387394,16.28,83.72,58073.577013000002,0,0,,,,,,
1153,,-0.050200,1.192150,0.386964,16.26,83.74,58073.598482000001,0,0,,,,,,
1154,,-0.051969,1.199663,0.390467,16.41,83.59,58073.865668999999,0,0,,,,,,
1155,,-0.050731,1.194398,0.388013,16.30,83.70,58073.878301999997,0,0,,,,,,
1156,,-0.053285,1.205291,0.393091,16.52,83.48,58073.891134999998,0,0,,,,,,
1157,,-0.051742,1.198697,0.390017,16.39,83.61,58074.169798000003,0,0,,,,,,
1158,,-0.050517,1.193494,0.387591,16.29,83.71,58074.182405,0,0,,,,,,
1159,,-0.052702,1.202791,0.391926,16.47,83.53,58074.196584999998,0,0,,,,,,
1160,,-0.047928,1.182579,0.382499,16.07,83.93,58074.474148000001,0,0,,,,,,
1161,,-0.099299,1.422650,0.493680,20.74,79.26,58074.486900999997,0,0,,,,,,
1162,,-0.029118,1.106667,0.346983,14.58,85.42,58074.500510999998,0,0,,,,,,
1163,,-0.143470,1.675265,0.608804,25.58,74.42,58074.791818999998,0,0,,,,,,
1164,,-0.039190,1.146591,0.365683,15.36,84.64,58074.805414000002,0,0,,,,,,
1165,,-0.105371,1.454607,0.508349,21.36,78.64,58074.831467000004,0,0,,,,,,
1166,,-0.062520,1.245636,0.411869,17.31,82.69,58074.999480999999,0,0,,,,,,
1167,,-0.076180,1.308223,0.440902,18.53,81.47,58075.023199000003,0,0,,,,,,
1168,,-0.065866,1.260639,0.418839,17.60,82.40,58075.038823000003,0,0,,,,,,
1169,,-0.056151,1.217645,0.398846,16.76,83.24,58075.299316999997,0,0,,,,,,
1170,,-0.057262,1.222478,0.401096,16.85,83.15,58075.312472999998,0,0,,,,,,
1171,,-0.060109,1.234956,0.406902,17.10,82.90,58075.34029,0,0,,,,,,
1172,,-0.056136,1.217580,0.398816,16.76,83.24,58075.601923000002,0,0,,,,,,
1173,,-0.050805,1.194713,0.388159,16.31,83.69,58075.615448999997,0,0,,,,,,
1174,,-0.049667,1.189898,0.385914,16.21,83.79,58075.628377000001,0,0,,,,,,
1175,,-0.050364,1.192842,0.387287,16.27,83.73,58075.904043000002,0,0,,,,,,
1176,,-0.044921,1.170047,0.376647,15.83,84.17,58075.916643999997,0,0,,,,,,
1177,,-0.039130,1.146346,0.365568,15.36,84.64,58075.928823000002,0,0,,,,,,
1178,,-0.099878,1.425663,0.495064,20.80,79.20,58076.217316000002,0,0,,,,,,
1179,,-0.102525,1.439528,0.501431,21.07,78.93,58076.229884,0,0,,,,,,
1180,,-0.120305,1.536811,0.545943,22.94,77.06,58076.534112000001,0,0,,,,,,
1181,,-0.117244,1.519529,0.538056,22.61,77.39,58076.547466999997,0,0,,,,,,
1182,,-0.101448,1.433867,0.498832,20.96,79.04,58076.573770000003,0,0,,,,,,
1183,,-0.099985,1.426221,0.495320,20.81,79.19,58076.834448000001,0,0,,,,,,
1184,,-0.110565,1.482602,0.521175,21.90,78.10,58076.847804999998,0,0,,,,,,
1185,,-0.103148,1.442812,0.502938,21.13,78.87,58076.864356999999,0,0,,,,,,
1186,,-0.097814,1.414962,0.490146,20.59,79.41,58077.137180999998,0,0,,,,,,
1187,,-0.097299,1.412305,0.488924,20.54,79.46,58077.149975,0,0,,,,,,
1188,,-0.097950,1.415666,0.490470,20.61,79.39,58077.162808000001,0,0,,,,,,
1189,,-0.096922,1.410367,0.488033,20.51,79.49,58077.439430999999,0,0,,,,,,
1190,,-0.096169,1.406502,0.486255,20.43,79.57,58077.452136,0,0,,,,,,
1191,,-0.090342,1.376992,0.472668,19.86,80.14,58077.465358000001,0,0,,,,,,
1192,,-0.100608,1.429472,0.496814,20.87,79.13,58077.752504999997,0,0,,,,,,
1193,,-0.096995,1.410743,0.488206,20.51,79.49,58077.765488999998,0,0,,,,,,
1194,,-0.087138,1.361074,0.465327,19.55,80.45,58077.778307,0,0,,,,,,
1195,,-0.094020,1.395532,0.481207,20.22,79.78,58077.969054000001,0,0,,,,,,
1196,,-0.092203,1.386337,0.476973,20.04,79.96,58077.982901000003,0,0,,,,,,
1197,,-0.094835,1.399681,0.483117,20.30,79.70,58077.999832000001,0,0,,,,,,
1198,,-0.093903,1.394938,0.480934,20.21,79.79,58078.271498000002,0,0,,,,,,
1199,,-0.092774,1.389221,0.478302,20.10,79.90,58078.285304999998,0,0,,,,,,
1200,,-0.092736,1.389030,0.478214,20.09,79.91,58078.299636000003,0,0,,,,,,
1201,,-0.093365,1.392211,0.479678,20.15,79.85,58078.573573000001,0,0,,,,,,
1202,,-0.092603,1.388356,0.477903,20.08,79.92,58078.586411999997,0,0,,,,,,
1203,,-0.091741,1.384009,0.475901,20.00,80.00,58078.599038,0,0,,,,,,
1204,,-0.092815,1.389426,0.478396,20.10,79.90,58078.878456999999,0,0,,,,,,
1205,,-0.093573,1.393265,0.480164,20.17,79.83,58078.891298000002,0,0,,,,,,
1206,,-0.093046,1.390597,0.478935,20.12,79.88,58078.904152000003,0,0,,,,,,
1207,,-0.093032,1.390526,0.478903,20.12,79.88,58079.183105999997,0,0,,,,,,
1208,,-0.095827,1.404748,0.485448,20.40,79.60,58079.196240999998,0,0,,,,,,
1209,,-0.093085,1.390793,0.479026,20.13,79.87,58079.208934000002,0,0,,,,,,
1210,,-0.092193,1.386287,0.476950,20.04,79.96,58079.492297999997,0,0,,,,,,
1211,,-0.093695,1.393885,0.480449,20.19,79.81,58079.506044000002,0,0,,,,,,
1212,,-0.093044,1.390583,0.478929,20.12,79.88,58079.518793000003,0,0,,,,,,
1213,,-0.093113,1.390933,0.479090,20.13,79.87,58079.794673999997,0,0,,,,,,
1214,,-0.094087,1.395874,0.481365,20.23,79.77,58079.807224999997,0,0,,,,,,
1215,,-0.095601,1.403594,0.484917,20.37,79.63,58079.820901999999,0,0,,,,,,
1216,,-0.094438,1.397656,0.482185,20.26,79.74,58080.102064999999,0,0,,,,,,
1217,,-0.093532,1.393059,0.480069,20.17,79.83,58080.115280999999,0,0,,,,,,
1218,,-0.094130,1.396093,0.481466,20.23,79.77,58080.128457999999,0,0,,,,,,
1219,,-0.094084,1.395860,0.481358,20.23,79.77,58080.408750000002,0,0,,,,,,
1220,,-0.090543,1.377997,0.473131,19.88,80.12,58080.421311999999,0,0,,,,,,
1221,,-0.093684,1.393829,0.480423,20.19,79.81,58080.433846,0,0,,,,,,
1222,,-0.092080,1.385720,0.476689,20.03,79.97,58080.71632,0,0,,,,,,
1223,,-0.092758,1.389137,0.478263,20.10,79.90,58080.729212999999,0,0,,,,,,
1224,,-0.092844,1.389573,0.478463,20.10,79.90,58080.745520999997,0,0,,,,,,
1225,,-0.093504,1.392915,0.480002,20.17,79.83,58081.023181999997,0,0,,,,,,
1226,,-0.093835,1.394592,0.480775,20.20,79.80,58081.038005000002,0,0,,,,,,
1227,,-0.093667,1.393741,0.480383,20.18,79.82,58081.054981000001,0,0,,,,,,
1228,,-0.093160,1.391174,0.479201,20.13,79.87,58081.326392000003,0,0,,,,,,
1229,,-0.091976,1.385194,0.476447,20.02,79.98,58081.339118999997,0,0,,,,,,
1230,,-0.091558,1.383089,0.475477,19.98,80.02,58081.351896,0,0,,,,,,
1231,,-0.094951,1.400273,0.483389,20.31,79.69,58081.629172000001,0,0,,,,,,
1232,,-0.094940,1.400216,0.483363,20.31,79.69,58081.642071000002,0,0,,,,,,
1233,,-0.091886,1.384743,0.476239,20.01,79.99,58081.655055000003,0,0,,,,,,
1234,,-0.093427,1.392527,0.479824,20.16,79.84,58082.061621000001,0,0,,,,,,
1235,,-0.094182,1.396355,0.481586,20.23,79.77,58082.076313999998,0,0,,,,,,
1236,,-0.092442,1.387543,0.477529,20.06,79.94,58082.090214000003,0,0,,,,,,
1237,,-0.093978,1.395322,0.481111,20.21,79.79,58083.294682,0,0,,,,,,
1238,,-0.092346,1.387060,0.477306,20.05,79.95,58083.309093999997,0,0,,,,,,
1239,,-0.092617,1.388425,0.477935,20.08,79.92,58083.322518000001,0,0,,,,,,
1240,,-0.093217,1.391463,0.479334,20.14,79.86,58083.393403000002,0,0,,,,,,
1241,,-0.094268,1.396794,0.481788,20.24,79.76,58083.407225000003,0,0,,,,,,
1242,,-0.092839,1.389550,0.478453,20.10,79.90,58083.421634999999,0,0,,,,,,
